TRACE::2025-11-24.17:14:40::SCWPlatform::Trying to open the hw design at /home/jashshah/Desktop/Embedded_Lab/HW_SW_Interface/Game_Buttons_RTOS/workspace/Maze_Solver/hw/bd_wrapper.xsa
TRACE::2025-11-24.17:14:40::SCWPlatform::DSA given /home/jashshah/Desktop/Embedded_Lab/HW_SW_Interface/Game_Buttons_RTOS/workspace/Maze_Solver/hw/bd_wrapper.xsa
TRACE::2025-11-24.17:14:40::SCWPlatform::DSA absoulate path /home/jashshah/Desktop/Embedded_Lab/HW_SW_Interface/Game_Buttons_RTOS/workspace/Maze_Solver/hw/bd_wrapper.xsa
TRACE::2025-11-24.17:14:40::SCWPlatform::DSA directory /home/jashshah/Desktop/Embedded_Lab/HW_SW_Interface/Game_Buttons_RTOS/workspace/Maze_Solver/hw
TRACE::2025-11-24.17:14:40::SCWPlatform:: Platform Path /home/jashshah/Desktop/Embedded_Lab/HW_SW_Interface/Game_Buttons_RTOS/workspace/Maze_Solver/hw/bd_wrapper.xsa
TRACE::2025-11-24.17:14:40::SCWPlatform:: Unique name xilinx:::0.0
TRACE::2025-11-24.17:14:40::SCWPlatform::Do not have an existing db opened. 
TRACE::2025-11-24.17:14:41::SCWPlatform::Opened new HwDB with name bd_wrapper_0
TRACE::2025-11-24.17:14:41::SCWWriter::formatted JSON is {
	"platformName":	"Maze_Solver",
	"sprVersion":	"2.0",
	"mode":	"gui",
	"dsaType":	"Fixed",
	"platformDesc":	"Maze_Solver",
	"platHandOff":	"/home/jashshah/Desktop/Embedded_Lab/HW_SW_Interface/Game_Buttons_RTOS/bd_wrapper.xsa",
	"platIntHandOff":	"<platformDir>/hw/bd_wrapper.xsa",
	"deviceType":	"FPGA",
	"platIsPrebuiltAutogen":	"false",
	"platIsNoBootBsp":	"false",
	"hasFsblMakeHasChanges":	"false",
	"hasPmufwMakeHasChanges":	"false",
	"platPreBuiltFlag":	false,
	"platformSamplesDir":	""
}
TRACE::2025-11-24.17:14:41::SCWWriter::formatted JSON is {
	"platformName":	"Maze_Solver",
	"sprVersion":	"2.0",
	"mode":	"gui",
	"dsaType":	"Fixed",
	"platformDesc":	"Maze_Solver",
	"platHandOff":	"/home/jashshah/Desktop/Embedded_Lab/HW_SW_Interface/Game_Buttons_RTOS/bd_wrapper.xsa",
	"platIntHandOff":	"<platformDir>/hw/bd_wrapper.xsa",
	"deviceType":	"FPGA",
	"platIsPrebuiltAutogen":	"false",
	"platIsNoBootBsp":	"false",
	"hasFsblMakeHasChanges":	"false",
	"hasPmufwMakeHasChanges":	"false",
	"platPreBuiltFlag":	false,
	"platformSamplesDir":	"",
	"platActiveSys":	"Maze_Solver",
	"systems":	[{
			"systemName":	"Maze_Solver",
			"systemDesc":	"Maze_Solver",
			"sysIsBootAutoGen":	"true",
			"systemDispName":	"Maze_Solver"
		}]
}
TRACE::2025-11-24.17:14:41::SCWPlatform::Boot application domains not present, creating them
TRACE::2025-11-24.17:14:41::SCWPlatform::Pure FPGA device, no boot application will be created.
TRACE::2025-11-24.17:14:41::SCWWriter::formatted JSON is {
	"platformName":	"Maze_Solver",
	"sprVersion":	"2.0",
	"mode":	"gui",
	"dsaType":	"Fixed",
	"platformDesc":	"Maze_Solver",
	"platHandOff":	"/home/jashshah/Desktop/Embedded_Lab/HW_SW_Interface/Game_Buttons_RTOS/bd_wrapper.xsa",
	"platIntHandOff":	"<platformDir>/hw/bd_wrapper.xsa",
	"deviceType":	"FPGA",
	"platIsPrebuiltAutogen":	"false",
	"platIsNoBootBsp":	"false",
	"hasFsblMakeHasChanges":	"false",
	"hasPmufwMakeHasChanges":	"false",
	"platPreBuiltFlag":	false,
	"platformSamplesDir":	"",
	"platActiveSys":	"Maze_Solver",
	"systems":	[{
			"systemName":	"Maze_Solver",
			"systemDesc":	"Maze_Solver",
			"sysIsBootAutoGen":	"true",
			"systemDispName":	"Maze_Solver"
		}]
}
TRACE::2025-11-24.17:14:41::SCWPlatform::Trying to open the hw design at /home/jashshah/Desktop/Embedded_Lab/HW_SW_Interface/Game_Buttons_RTOS/workspace/Maze_Solver/hw/bd_wrapper.xsa
TRACE::2025-11-24.17:14:41::SCWPlatform::DSA given /home/jashshah/Desktop/Embedded_Lab/HW_SW_Interface/Game_Buttons_RTOS/workspace/Maze_Solver/hw/bd_wrapper.xsa
TRACE::2025-11-24.17:14:41::SCWPlatform::DSA absoulate path /home/jashshah/Desktop/Embedded_Lab/HW_SW_Interface/Game_Buttons_RTOS/workspace/Maze_Solver/hw/bd_wrapper.xsa
TRACE::2025-11-24.17:14:41::SCWPlatform::DSA directory /home/jashshah/Desktop/Embedded_Lab/HW_SW_Interface/Game_Buttons_RTOS/workspace/Maze_Solver/hw
TRACE::2025-11-24.17:14:41::SCWPlatform:: Platform Path /home/jashshah/Desktop/Embedded_Lab/HW_SW_Interface/Game_Buttons_RTOS/workspace/Maze_Solver/hw/bd_wrapper.xsa
TRACE::2025-11-24.17:14:41::SCWPlatform:: Unique name xilinx:::0.0
TRACE::2025-11-24.17:14:41::SCWPlatform::Trying to set the existing hwdb with name bd_wrapper_0
TRACE::2025-11-24.17:14:41::SCWPlatform::Opened existing hwdb bd_wrapper_0
TRACE::2025-11-24.17:14:41::SCWPlatform::Found the Hw Db part of the input DSA
TRACE::2025-11-24.17:14:41::SCWPlatform::Trying to open the hw design at /home/jashshah/Desktop/Embedded_Lab/HW_SW_Interface/Game_Buttons_RTOS/workspace/Maze_Solver/hw/bd_wrapper.xsa
TRACE::2025-11-24.17:14:41::SCWPlatform::DSA given /home/jashshah/Desktop/Embedded_Lab/HW_SW_Interface/Game_Buttons_RTOS/workspace/Maze_Solver/hw/bd_wrapper.xsa
TRACE::2025-11-24.17:14:41::SCWPlatform::DSA absoulate path /home/jashshah/Desktop/Embedded_Lab/HW_SW_Interface/Game_Buttons_RTOS/workspace/Maze_Solver/hw/bd_wrapper.xsa
TRACE::2025-11-24.17:14:41::SCWPlatform::DSA directory /home/jashshah/Desktop/Embedded_Lab/HW_SW_Interface/Game_Buttons_RTOS/workspace/Maze_Solver/hw
TRACE::2025-11-24.17:14:41::SCWPlatform:: Platform Path /home/jashshah/Desktop/Embedded_Lab/HW_SW_Interface/Game_Buttons_RTOS/workspace/Maze_Solver/hw/bd_wrapper.xsa
TRACE::2025-11-24.17:14:41::SCWPlatform:: Unique name xilinx:::0.0
TRACE::2025-11-24.17:14:41::SCWPlatform::Trying to set the existing hwdb with name bd_wrapper_0
TRACE::2025-11-24.17:14:41::SCWPlatform::Opened existing hwdb bd_wrapper_0
TRACE::2025-11-24.17:14:41::SCWPlatform::Found the Hw Db part of the input DSA
TRACE::2025-11-24.17:14:41::SCWPlatform::Trying to open the hw design at /home/jashshah/Desktop/Embedded_Lab/HW_SW_Interface/Game_Buttons_RTOS/workspace/Maze_Solver/hw/bd_wrapper.xsa
TRACE::2025-11-24.17:14:41::SCWPlatform::DSA given /home/jashshah/Desktop/Embedded_Lab/HW_SW_Interface/Game_Buttons_RTOS/workspace/Maze_Solver/hw/bd_wrapper.xsa
TRACE::2025-11-24.17:14:41::SCWPlatform::DSA absoulate path /home/jashshah/Desktop/Embedded_Lab/HW_SW_Interface/Game_Buttons_RTOS/workspace/Maze_Solver/hw/bd_wrapper.xsa
TRACE::2025-11-24.17:14:41::SCWPlatform::DSA directory /home/jashshah/Desktop/Embedded_Lab/HW_SW_Interface/Game_Buttons_RTOS/workspace/Maze_Solver/hw
TRACE::2025-11-24.17:14:41::SCWPlatform:: Platform Path /home/jashshah/Desktop/Embedded_Lab/HW_SW_Interface/Game_Buttons_RTOS/workspace/Maze_Solver/hw/bd_wrapper.xsa
TRACE::2025-11-24.17:14:41::SCWPlatform:: Unique name xilinx:::0.0
TRACE::2025-11-24.17:14:41::SCWPlatform::Trying to set the existing hwdb with name bd_wrapper_0
TRACE::2025-11-24.17:14:41::SCWPlatform::Opened existing hwdb bd_wrapper_0
TRACE::2025-11-24.17:14:41::SCWPlatform::Found the Hw Db part of the input DSA
TRACE::2025-11-24.17:14:41::SCWDomain::checking for install qemu data   : 
TRACE::2025-11-24.17:14:41::SCWPlatform::Trying to open the hw design at /home/jashshah/Desktop/Embedded_Lab/HW_SW_Interface/Game_Buttons_RTOS/workspace/Maze_Solver/hw/bd_wrapper.xsa
TRACE::2025-11-24.17:14:41::SCWPlatform::DSA given /home/jashshah/Desktop/Embedded_Lab/HW_SW_Interface/Game_Buttons_RTOS/workspace/Maze_Solver/hw/bd_wrapper.xsa
TRACE::2025-11-24.17:14:41::SCWPlatform::DSA absoulate path /home/jashshah/Desktop/Embedded_Lab/HW_SW_Interface/Game_Buttons_RTOS/workspace/Maze_Solver/hw/bd_wrapper.xsa
TRACE::2025-11-24.17:14:41::SCWPlatform::DSA directory /home/jashshah/Desktop/Embedded_Lab/HW_SW_Interface/Game_Buttons_RTOS/workspace/Maze_Solver/hw
TRACE::2025-11-24.17:14:41::SCWPlatform:: Platform Path /home/jashshah/Desktop/Embedded_Lab/HW_SW_Interface/Game_Buttons_RTOS/workspace/Maze_Solver/hw/bd_wrapper.xsa
TRACE::2025-11-24.17:14:41::SCWPlatform:: Unique name xilinx:::0.0
TRACE::2025-11-24.17:14:41::SCWPlatform::Trying to set the existing hwdb with name bd_wrapper_0
TRACE::2025-11-24.17:14:41::SCWPlatform::Opened existing hwdb bd_wrapper_0
TRACE::2025-11-24.17:14:41::SCWPlatform::Found the Hw Db part of the input DSA
TRACE::2025-11-24.17:14:41::SCWPlatform::Trying to open the hw design at /home/jashshah/Desktop/Embedded_Lab/HW_SW_Interface/Game_Buttons_RTOS/workspace/Maze_Solver/hw/bd_wrapper.xsa
TRACE::2025-11-24.17:14:41::SCWPlatform::DSA given /home/jashshah/Desktop/Embedded_Lab/HW_SW_Interface/Game_Buttons_RTOS/workspace/Maze_Solver/hw/bd_wrapper.xsa
TRACE::2025-11-24.17:14:41::SCWPlatform::DSA absoulate path /home/jashshah/Desktop/Embedded_Lab/HW_SW_Interface/Game_Buttons_RTOS/workspace/Maze_Solver/hw/bd_wrapper.xsa
TRACE::2025-11-24.17:14:41::SCWPlatform::DSA directory /home/jashshah/Desktop/Embedded_Lab/HW_SW_Interface/Game_Buttons_RTOS/workspace/Maze_Solver/hw
TRACE::2025-11-24.17:14:41::SCWPlatform:: Platform Path /home/jashshah/Desktop/Embedded_Lab/HW_SW_Interface/Game_Buttons_RTOS/workspace/Maze_Solver/hw/bd_wrapper.xsa
TRACE::2025-11-24.17:14:41::SCWPlatform:: Unique name xilinx:::0.0
TRACE::2025-11-24.17:14:41::SCWPlatform::Trying to set the existing hwdb with name bd_wrapper_0
TRACE::2025-11-24.17:14:41::SCWPlatform::Opened existing hwdb bd_wrapper_0
TRACE::2025-11-24.17:14:41::SCWPlatform::Found the Hw Db part of the input DSA
TRACE::2025-11-24.17:14:41::SCWPlatform::Trying to open the hw design at /home/jashshah/Desktop/Embedded_Lab/HW_SW_Interface/Game_Buttons_RTOS/workspace/Maze_Solver/hw/bd_wrapper.xsa
TRACE::2025-11-24.17:14:41::SCWPlatform::DSA given /home/jashshah/Desktop/Embedded_Lab/HW_SW_Interface/Game_Buttons_RTOS/workspace/Maze_Solver/hw/bd_wrapper.xsa
TRACE::2025-11-24.17:14:41::SCWPlatform::DSA absoulate path /home/jashshah/Desktop/Embedded_Lab/HW_SW_Interface/Game_Buttons_RTOS/workspace/Maze_Solver/hw/bd_wrapper.xsa
TRACE::2025-11-24.17:14:41::SCWPlatform::DSA directory /home/jashshah/Desktop/Embedded_Lab/HW_SW_Interface/Game_Buttons_RTOS/workspace/Maze_Solver/hw
TRACE::2025-11-24.17:14:41::SCWPlatform:: Platform Path /home/jashshah/Desktop/Embedded_Lab/HW_SW_Interface/Game_Buttons_RTOS/workspace/Maze_Solver/hw/bd_wrapper.xsa
TRACE::2025-11-24.17:14:41::SCWPlatform:: Unique name xilinx:::0.0
TRACE::2025-11-24.17:14:41::SCWPlatform::Trying to set the existing hwdb with name bd_wrapper_0
TRACE::2025-11-24.17:14:41::SCWPlatform::Opened existing hwdb bd_wrapper_0
TRACE::2025-11-24.17:14:41::SCWPlatform::Found the Hw Db part of the input DSA
TRACE::2025-11-24.17:14:41::SCWMssOS::Checking the sw design at  /home/jashshah/Desktop/Embedded_Lab/HW_SW_Interface/Game_Buttons_RTOS/workspace/Maze_Solver/microblaze_0/standalone_domain/bsp/system.mss
TRACE::2025-11-24.17:14:41::SCWMssOS::DEBUG:  swdes dump  
TRACE::2025-11-24.17:14:41::SCWMssOS::No sw design opened at  /home/jashshah/Desktop/Embedded_Lab/HW_SW_Interface/Game_Buttons_RTOS/workspace/Maze_Solver/microblaze_0/standalone_domain/bsp/system.mss
TRACE::2025-11-24.17:14:41::SCWMssOS::mss does not exists at /home/jashshah/Desktop/Embedded_Lab/HW_SW_Interface/Game_Buttons_RTOS/workspace/Maze_Solver/microblaze_0/standalone_domain/bsp/system.mss
TRACE::2025-11-24.17:14:41::SCWMssOS::Creating sw design at  /home/jashshah/Desktop/Embedded_Lab/HW_SW_Interface/Game_Buttons_RTOS/workspace/Maze_Solver/microblaze_0/standalone_domain/bsp/system.mss
TRACE::2025-11-24.17:14:41::SCWMssOS::Adding the swdes entry, created swdb /home/jashshah/Desktop/Embedded_Lab/HW_SW_Interface/Game_Buttons_RTOS/workspace/Maze_Solver/microblaze_0/standalone_domain/bsp/system.mss with des name /home/jashshah/Desktop/Embedded_Lab/HW_SW_Interface/Game_Buttons_RTOS/workspace/Maze_Solver/microblaze_0/standalone_domain/bsp/system.mss
TRACE::2025-11-24.17:14:41::SCWMssOS::updating the scw layer changes to swdes at   /home/jashshah/Desktop/Embedded_Lab/HW_SW_Interface/Game_Buttons_RTOS/workspace/Maze_Solver/microblaze_0/standalone_domain/bsp/system.mss
TRACE::2025-11-24.17:14:41::SCWMssOS::Writing mss at /home/jashshah/Desktop/Embedded_Lab/HW_SW_Interface/Game_Buttons_RTOS/workspace/Maze_Solver/microblaze_0/standalone_domain/bsp/system.mss
TRACE::2025-11-24.17:14:41::SCWMssOS::Completed writing the mss file at /home/jashshah/Desktop/Embedded_Lab/HW_SW_Interface/Game_Buttons_RTOS/workspace/Maze_Solver/microblaze_0/standalone_domain/bsp
TRACE::2025-11-24.17:14:41::SCWMssOS::Picking up changes from newly written mss file into SCW Layer. 
TRACE::2025-11-24.17:14:41::SCWMssOS::Updated the changes from newly written mss file into SCW Layer. 
TRACE::2025-11-24.17:14:41::SCWMssOS::Completed writing the mss file at /home/jashshah/Desktop/Embedded_Lab/HW_SW_Interface/Game_Buttons_RTOS/workspace/Maze_Solver/microblaze_0/standalone_domain/bsp
TRACE::2025-11-24.17:14:41::SCWMssOS::Forcing BSP Sources regeneration.
TRACE::2025-11-24.17:14:50::SCWMssOS::Saving the mss changes /home/jashshah/Desktop/Embedded_Lab/HW_SW_Interface/Game_Buttons_RTOS/workspace/Maze_Solver/microblaze_0/standalone_domain/bsp/system.mss
TRACE::2025-11-24.17:14:50::SCWMssOS::Adding the swdes entry, mss present, able to open swdb /home/jashshah/Desktop/Embedded_Lab/HW_SW_Interface/Game_Buttons_RTOS/workspace/Maze_Solver/microblaze_0/standalone_domain/bsp/system.mss with des name system
TRACE::2025-11-24.17:14:50::SCWMssOS::Writing the mss file completed /home/jashshah/Desktop/Embedded_Lab/HW_SW_Interface/Game_Buttons_RTOS/workspace/Maze_Solver/microblaze_0/standalone_domain/bsp/system.mss
TRACE::2025-11-24.17:14:50::SCWMssOS::Commit changes completed.
TRACE::2025-11-24.17:14:50::SCWPlatform::Trying to open the hw design at /home/jashshah/Desktop/Embedded_Lab/HW_SW_Interface/Game_Buttons_RTOS/workspace/Maze_Solver/hw/bd_wrapper.xsa
TRACE::2025-11-24.17:14:50::SCWPlatform::DSA given /home/jashshah/Desktop/Embedded_Lab/HW_SW_Interface/Game_Buttons_RTOS/workspace/Maze_Solver/hw/bd_wrapper.xsa
TRACE::2025-11-24.17:14:50::SCWPlatform::DSA absoulate path /home/jashshah/Desktop/Embedded_Lab/HW_SW_Interface/Game_Buttons_RTOS/workspace/Maze_Solver/hw/bd_wrapper.xsa
TRACE::2025-11-24.17:14:50::SCWPlatform::DSA directory /home/jashshah/Desktop/Embedded_Lab/HW_SW_Interface/Game_Buttons_RTOS/workspace/Maze_Solver/hw
TRACE::2025-11-24.17:14:50::SCWPlatform:: Platform Path /home/jashshah/Desktop/Embedded_Lab/HW_SW_Interface/Game_Buttons_RTOS/workspace/Maze_Solver/hw/bd_wrapper.xsa
TRACE::2025-11-24.17:14:50::SCWPlatform:: Unique name xilinx:::0.0
TRACE::2025-11-24.17:14:50::SCWPlatform::Trying to set the existing hwdb with name bd_wrapper_0
TRACE::2025-11-24.17:14:50::SCWPlatform::Opened existing hwdb bd_wrapper_0
TRACE::2025-11-24.17:14:50::SCWPlatform::Found the Hw Db part of the input DSA
TRACE::2025-11-24.17:14:50::SCWMssOS::Checking the sw design at  /home/jashshah/Desktop/Embedded_Lab/HW_SW_Interface/Game_Buttons_RTOS/workspace/Maze_Solver/microblaze_0/standalone_domain/bsp/system.mss
TRACE::2025-11-24.17:14:50::SCWMssOS::DEBUG:  swdes dump  /home/jashshah/Desktop/Embedded_Lab/HW_SW_Interface/Game_Buttons_RTOS/workspace/Maze_Solver/microblaze_0/standalone_domain/bsp/system.mss|system||

TRACE::2025-11-24.17:14:50::SCWMssOS::Sw design exists and opened at  /home/jashshah/Desktop/Embedded_Lab/HW_SW_Interface/Game_Buttons_RTOS/workspace/Maze_Solver/microblaze_0/standalone_domain/bsp/system.mss
TRACE::2025-11-24.17:14:50::SCWPlatform::Trying to open the hw design at /home/jashshah/Desktop/Embedded_Lab/HW_SW_Interface/Game_Buttons_RTOS/workspace/Maze_Solver/hw/bd_wrapper.xsa
TRACE::2025-11-24.17:14:50::SCWPlatform::DSA given /home/jashshah/Desktop/Embedded_Lab/HW_SW_Interface/Game_Buttons_RTOS/workspace/Maze_Solver/hw/bd_wrapper.xsa
TRACE::2025-11-24.17:14:50::SCWPlatform::DSA absoulate path /home/jashshah/Desktop/Embedded_Lab/HW_SW_Interface/Game_Buttons_RTOS/workspace/Maze_Solver/hw/bd_wrapper.xsa
TRACE::2025-11-24.17:14:50::SCWPlatform::DSA directory /home/jashshah/Desktop/Embedded_Lab/HW_SW_Interface/Game_Buttons_RTOS/workspace/Maze_Solver/hw
TRACE::2025-11-24.17:14:50::SCWPlatform:: Platform Path /home/jashshah/Desktop/Embedded_Lab/HW_SW_Interface/Game_Buttons_RTOS/workspace/Maze_Solver/hw/bd_wrapper.xsa
TRACE::2025-11-24.17:14:50::SCWPlatform:: Unique name xilinx:::0.0
TRACE::2025-11-24.17:14:50::SCWPlatform::Trying to set the existing hwdb with name bd_wrapper_0
TRACE::2025-11-24.17:14:50::SCWPlatform::Opened existing hwdb bd_wrapper_0
TRACE::2025-11-24.17:14:50::SCWPlatform::Found the Hw Db part of the input DSA
TRACE::2025-11-24.17:14:50::SCWMssOS::Checking the sw design at  /home/jashshah/Desktop/Embedded_Lab/HW_SW_Interface/Game_Buttons_RTOS/workspace/Maze_Solver/microblaze_0/standalone_domain/bsp/system.mss
TRACE::2025-11-24.17:14:50::SCWMssOS::DEBUG:  swdes dump  /home/jashshah/Desktop/Embedded_Lab/HW_SW_Interface/Game_Buttons_RTOS/workspace/Maze_Solver/microblaze_0/standalone_domain/bsp/system.mss|system||

TRACE::2025-11-24.17:14:50::SCWMssOS::Sw design exists and opened at  /home/jashshah/Desktop/Embedded_Lab/HW_SW_Interface/Game_Buttons_RTOS/workspace/Maze_Solver/microblaze_0/standalone_domain/bsp/system.mss
TRACE::2025-11-24.17:14:50::SCWPlatform::Trying to open the hw design at /home/jashshah/Desktop/Embedded_Lab/HW_SW_Interface/Game_Buttons_RTOS/workspace/Maze_Solver/hw/bd_wrapper.xsa
TRACE::2025-11-24.17:14:50::SCWPlatform::DSA given /home/jashshah/Desktop/Embedded_Lab/HW_SW_Interface/Game_Buttons_RTOS/workspace/Maze_Solver/hw/bd_wrapper.xsa
TRACE::2025-11-24.17:14:50::SCWPlatform::DSA absoulate path /home/jashshah/Desktop/Embedded_Lab/HW_SW_Interface/Game_Buttons_RTOS/workspace/Maze_Solver/hw/bd_wrapper.xsa
TRACE::2025-11-24.17:14:50::SCWPlatform::DSA directory /home/jashshah/Desktop/Embedded_Lab/HW_SW_Interface/Game_Buttons_RTOS/workspace/Maze_Solver/hw
TRACE::2025-11-24.17:14:50::SCWPlatform:: Platform Path /home/jashshah/Desktop/Embedded_Lab/HW_SW_Interface/Game_Buttons_RTOS/workspace/Maze_Solver/hw/bd_wrapper.xsa
TRACE::2025-11-24.17:14:50::SCWPlatform:: Unique name xilinx:::0.0
TRACE::2025-11-24.17:14:50::SCWPlatform::Trying to set the existing hwdb with name bd_wrapper_0
TRACE::2025-11-24.17:14:50::SCWPlatform::Opened existing hwdb bd_wrapper_0
TRACE::2025-11-24.17:14:50::SCWPlatform::Found the Hw Db part of the input DSA
TRACE::2025-11-24.17:14:50::SCWMssOS::Checking the sw design at  /home/jashshah/Desktop/Embedded_Lab/HW_SW_Interface/Game_Buttons_RTOS/workspace/Maze_Solver/microblaze_0/standalone_domain/bsp/system.mss
TRACE::2025-11-24.17:14:50::SCWMssOS::DEBUG:  swdes dump  /home/jashshah/Desktop/Embedded_Lab/HW_SW_Interface/Game_Buttons_RTOS/workspace/Maze_Solver/microblaze_0/standalone_domain/bsp/system.mss|system||

TRACE::2025-11-24.17:14:50::SCWMssOS::Sw design exists and opened at  /home/jashshah/Desktop/Embedded_Lab/HW_SW_Interface/Game_Buttons_RTOS/workspace/Maze_Solver/microblaze_0/standalone_domain/bsp/system.mss
TRACE::2025-11-24.17:14:50::SCWWriter::formatted JSON is {
	"platformName":	"Maze_Solver",
	"sprVersion":	"2.0",
	"mode":	"gui",
	"dsaType":	"Fixed",
	"platformDesc":	"Maze_Solver",
	"platHandOff":	"/home/jashshah/Desktop/Embedded_Lab/HW_SW_Interface/Game_Buttons_RTOS/bd_wrapper.xsa",
	"platIntHandOff":	"<platformDir>/hw/bd_wrapper.xsa",
	"deviceType":	"FPGA",
	"platIsPrebuiltAutogen":	"false",
	"platIsNoBootBsp":	"false",
	"hasFsblMakeHasChanges":	"false",
	"hasPmufwMakeHasChanges":	"false",
	"platPreBuiltFlag":	false,
	"platformSamplesDir":	"",
	"platActiveSys":	"Maze_Solver",
	"systems":	[{
			"systemName":	"Maze_Solver",
			"systemDesc":	"Maze_Solver",
			"sysIsBootAutoGen":	"true",
			"systemDispName":	"Maze_Solver",
			"sysActiveDom":	"standalone_domain",
			"sysDefaultDom":	"standalone_domain",
			"domains":	[{
					"domainName":	"standalone_domain",
					"domainDispName":	"standalone_domain",
					"domainDesc":	"standalone_domain",
					"processors":	"microblaze_0",
					"os":	"standalone",
					"sdxOs":	"standalone",
					"debugEnable":	"False",
					"domRuntimes":	["cpp"],
					"swRepo":	"",
					"mssOsVer":	"7.7",
					"mssFile":	"",
					"md5Digest":	"b01652c0d3c342c74bfac30f11e4c2cb",
					"compatibleApp":	"",
					"domType":	"mssDomain",
					"arch":	"32-bit",
					"appSettings":	{
						"appCompilerFlags":	"",
						"appLinkerFlags":	""
					},
					"addedLibs":	[],
					"libOptions":	{
						"libsContainingOptions":	[]
					},
					"prebuiltLibs":	{
						"prebuiltIncPath":	[],
						"prebuiltLibPath":	[]
					},
					"isolation":	{
					}
				}]
		}]
}
LOG::2025-11-24.17:14:50::SCWPlatform::Started generating the artifacts platform Maze_Solver
TRACE::2025-11-24.17:14:50::SCWPlatform::Sanity checking of platform is completed
LOG::2025-11-24.17:14:50::SCWPlatform::Started generating the artifacts for system configuration Maze_Solver
LOG::2025-11-24.17:14:50::SCWSystem::Checking the domain standalone_domain
LOG::2025-11-24.17:14:50::SCWSystem::Not a boot domain 
LOG::2025-11-24.17:14:50::SCWSystem::Started Processing the domain standalone_domain
TRACE::2025-11-24.17:14:50::SCWDomain::Generating domain artifcats
TRACE::2025-11-24.17:14:50::SCWMssOS::Generating standalone artifcats
TRACE::2025-11-24.17:14:50::SCWMssOS:: Copying the user libraries. 
TRACE::2025-11-24.17:14:50::SCWPlatform::Trying to open the hw design at /home/jashshah/Desktop/Embedded_Lab/HW_SW_Interface/Game_Buttons_RTOS/workspace/Maze_Solver/hw/bd_wrapper.xsa
TRACE::2025-11-24.17:14:50::SCWPlatform::DSA given /home/jashshah/Desktop/Embedded_Lab/HW_SW_Interface/Game_Buttons_RTOS/workspace/Maze_Solver/hw/bd_wrapper.xsa
TRACE::2025-11-24.17:14:50::SCWPlatform::DSA absoulate path /home/jashshah/Desktop/Embedded_Lab/HW_SW_Interface/Game_Buttons_RTOS/workspace/Maze_Solver/hw/bd_wrapper.xsa
TRACE::2025-11-24.17:14:50::SCWPlatform::DSA directory /home/jashshah/Desktop/Embedded_Lab/HW_SW_Interface/Game_Buttons_RTOS/workspace/Maze_Solver/hw
TRACE::2025-11-24.17:14:50::SCWPlatform:: Platform Path /home/jashshah/Desktop/Embedded_Lab/HW_SW_Interface/Game_Buttons_RTOS/workspace/Maze_Solver/hw/bd_wrapper.xsa
TRACE::2025-11-24.17:14:50::SCWPlatform:: Unique name xilinx:::0.0
TRACE::2025-11-24.17:14:50::SCWPlatform::Trying to set the existing hwdb with name bd_wrapper_0
TRACE::2025-11-24.17:14:50::SCWPlatform::Opened existing hwdb bd_wrapper_0
TRACE::2025-11-24.17:14:50::SCWPlatform::Found the Hw Db part of the input DSA
TRACE::2025-11-24.17:14:50::SCWMssOS::Checking the sw design at  /home/jashshah/Desktop/Embedded_Lab/HW_SW_Interface/Game_Buttons_RTOS/workspace/Maze_Solver/microblaze_0/standalone_domain/bsp/system.mss
TRACE::2025-11-24.17:14:50::SCWMssOS::DEBUG:  swdes dump  /home/jashshah/Desktop/Embedded_Lab/HW_SW_Interface/Game_Buttons_RTOS/workspace/Maze_Solver/microblaze_0/standalone_domain/bsp/system.mss|system||

TRACE::2025-11-24.17:14:50::SCWMssOS::Sw design exists and opened at  /home/jashshah/Desktop/Embedded_Lab/HW_SW_Interface/Game_Buttons_RTOS/workspace/Maze_Solver/microblaze_0/standalone_domain/bsp/system.mss
TRACE::2025-11-24.17:14:50::SCWMssOS::Completed writing the mss file at /home/jashshah/Desktop/Embedded_Lab/HW_SW_Interface/Game_Buttons_RTOS/workspace/Maze_Solver/microblaze_0/standalone_domain/bsp
TRACE::2025-11-24.17:14:50::SCWMssOS::Mss edits present, copying mssfile into export location /home/jashshah/Desktop/Embedded_Lab/HW_SW_Interface/Game_Buttons_RTOS/workspace/Maze_Solver/microblaze_0/standalone_domain/bsp/system.mss
TRACE::2025-11-24.17:14:50::SCWMssOS::bsp generated is upto date with the mss file. Skipping bsp generation.
TRACE::2025-11-24.17:14:50::SCWMssOS::BSP is already built. skipping the bsp build ... 
TRACE::2025-11-24.17:14:50::SCWDomain::Skipping the build for domain :  standalone_domain
TRACE::2025-11-24.17:14:50::SCWMssOS::skipping the bsp build ... 
TRACE::2025-11-24.17:14:50::SCWMssOS::Copying to export directory.
TRACE::2025-11-24.17:14:50::SCWMssOS:: Checking if to create the Supporting Applications
TRACE::2025-11-24.17:14:50::SCWMssOS:: No Linux domain exists, trying to generate FSBL 
LOG::2025-11-24.17:14:50::SCWSystem::Completed Processing the domain standalone_domain
LOG::2025-11-24.17:14:50::SCWSystem::Completed Processing the sysconfig Maze_Solver
LOG::2025-11-24.17:14:50::SCWPlatform::Completed generating the artifacts for system configuration Maze_Solver
TRACE::2025-11-24.17:14:50::SCWPlatform::Started preparing the platform 
TRACE::2025-11-24.17:14:50::SCWSystem::Writing the bif file for system config Maze_Solver
TRACE::2025-11-24.17:14:50::SCWSystem::dir created 
TRACE::2025-11-24.17:14:50::SCWSystem::Writing the bif 
TRACE::2025-11-24.17:14:50::SCWPlatform::Started writing the spfm file 
TRACE::2025-11-24.17:14:50::SCWPlatform::Started writing the xpfm file 
TRACE::2025-11-24.17:14:51::SCWPlatform::Completed generating the platform
TRACE::2025-11-24.17:14:51::SCWMssOS::Saving the mss changes /home/jashshah/Desktop/Embedded_Lab/HW_SW_Interface/Game_Buttons_RTOS/workspace/Maze_Solver/microblaze_0/standalone_domain/bsp/system.mss
TRACE::2025-11-24.17:14:51::SCWMssOS::Found a swdesign opened with the mssfile.
TRACE::2025-11-24.17:14:51::SCWMssOS::Completed writemss as part of save.
TRACE::2025-11-24.17:14:51::SCWMssOS::Commit changes completed.
TRACE::2025-11-24.17:14:51::SCWPlatform::Trying to open the hw design at /home/jashshah/Desktop/Embedded_Lab/HW_SW_Interface/Game_Buttons_RTOS/workspace/Maze_Solver/hw/bd_wrapper.xsa
TRACE::2025-11-24.17:14:51::SCWPlatform::DSA given /home/jashshah/Desktop/Embedded_Lab/HW_SW_Interface/Game_Buttons_RTOS/workspace/Maze_Solver/hw/bd_wrapper.xsa
TRACE::2025-11-24.17:14:51::SCWPlatform::DSA absoulate path /home/jashshah/Desktop/Embedded_Lab/HW_SW_Interface/Game_Buttons_RTOS/workspace/Maze_Solver/hw/bd_wrapper.xsa
TRACE::2025-11-24.17:14:51::SCWPlatform::DSA directory /home/jashshah/Desktop/Embedded_Lab/HW_SW_Interface/Game_Buttons_RTOS/workspace/Maze_Solver/hw
TRACE::2025-11-24.17:14:51::SCWPlatform:: Platform Path /home/jashshah/Desktop/Embedded_Lab/HW_SW_Interface/Game_Buttons_RTOS/workspace/Maze_Solver/hw/bd_wrapper.xsa
TRACE::2025-11-24.17:14:51::SCWPlatform:: Unique name xilinx:::0.0
TRACE::2025-11-24.17:14:51::SCWPlatform::Trying to set the existing hwdb with name bd_wrapper_0
TRACE::2025-11-24.17:14:51::SCWPlatform::Opened existing hwdb bd_wrapper_0
TRACE::2025-11-24.17:14:51::SCWPlatform::Found the Hw Db part of the input DSA
TRACE::2025-11-24.17:14:51::SCWMssOS::Checking the sw design at  /home/jashshah/Desktop/Embedded_Lab/HW_SW_Interface/Game_Buttons_RTOS/workspace/Maze_Solver/microblaze_0/standalone_domain/bsp/system.mss
TRACE::2025-11-24.17:14:51::SCWMssOS::DEBUG:  swdes dump  /home/jashshah/Desktop/Embedded_Lab/HW_SW_Interface/Game_Buttons_RTOS/workspace/Maze_Solver/microblaze_0/standalone_domain/bsp/system.mss|system||

TRACE::2025-11-24.17:14:51::SCWMssOS::Sw design exists and opened at  /home/jashshah/Desktop/Embedded_Lab/HW_SW_Interface/Game_Buttons_RTOS/workspace/Maze_Solver/microblaze_0/standalone_domain/bsp/system.mss
TRACE::2025-11-24.17:14:51::SCWPlatform::Trying to open the hw design at /home/jashshah/Desktop/Embedded_Lab/HW_SW_Interface/Game_Buttons_RTOS/workspace/Maze_Solver/hw/bd_wrapper.xsa
TRACE::2025-11-24.17:14:51::SCWPlatform::DSA given /home/jashshah/Desktop/Embedded_Lab/HW_SW_Interface/Game_Buttons_RTOS/workspace/Maze_Solver/hw/bd_wrapper.xsa
TRACE::2025-11-24.17:14:51::SCWPlatform::DSA absoulate path /home/jashshah/Desktop/Embedded_Lab/HW_SW_Interface/Game_Buttons_RTOS/workspace/Maze_Solver/hw/bd_wrapper.xsa
TRACE::2025-11-24.17:14:51::SCWPlatform::DSA directory /home/jashshah/Desktop/Embedded_Lab/HW_SW_Interface/Game_Buttons_RTOS/workspace/Maze_Solver/hw
TRACE::2025-11-24.17:14:51::SCWPlatform:: Platform Path /home/jashshah/Desktop/Embedded_Lab/HW_SW_Interface/Game_Buttons_RTOS/workspace/Maze_Solver/hw/bd_wrapper.xsa
TRACE::2025-11-24.17:14:51::SCWPlatform:: Unique name xilinx:::0.0
TRACE::2025-11-24.17:14:51::SCWPlatform::Trying to set the existing hwdb with name bd_wrapper_0
TRACE::2025-11-24.17:14:51::SCWPlatform::Opened existing hwdb bd_wrapper_0
TRACE::2025-11-24.17:14:51::SCWPlatform::Found the Hw Db part of the input DSA
TRACE::2025-11-24.17:14:51::SCWMssOS::Checking the sw design at  /home/jashshah/Desktop/Embedded_Lab/HW_SW_Interface/Game_Buttons_RTOS/workspace/Maze_Solver/microblaze_0/standalone_domain/bsp/system.mss
TRACE::2025-11-24.17:14:51::SCWMssOS::DEBUG:  swdes dump  /home/jashshah/Desktop/Embedded_Lab/HW_SW_Interface/Game_Buttons_RTOS/workspace/Maze_Solver/microblaze_0/standalone_domain/bsp/system.mss|system||

TRACE::2025-11-24.17:14:51::SCWMssOS::Sw design exists and opened at  /home/jashshah/Desktop/Embedded_Lab/HW_SW_Interface/Game_Buttons_RTOS/workspace/Maze_Solver/microblaze_0/standalone_domain/bsp/system.mss
TRACE::2025-11-24.17:14:51::SCWPlatform::Trying to open the hw design at /home/jashshah/Desktop/Embedded_Lab/HW_SW_Interface/Game_Buttons_RTOS/workspace/Maze_Solver/hw/bd_wrapper.xsa
TRACE::2025-11-24.17:14:51::SCWPlatform::DSA given /home/jashshah/Desktop/Embedded_Lab/HW_SW_Interface/Game_Buttons_RTOS/workspace/Maze_Solver/hw/bd_wrapper.xsa
TRACE::2025-11-24.17:14:51::SCWPlatform::DSA absoulate path /home/jashshah/Desktop/Embedded_Lab/HW_SW_Interface/Game_Buttons_RTOS/workspace/Maze_Solver/hw/bd_wrapper.xsa
TRACE::2025-11-24.17:14:51::SCWPlatform::DSA directory /home/jashshah/Desktop/Embedded_Lab/HW_SW_Interface/Game_Buttons_RTOS/workspace/Maze_Solver/hw
TRACE::2025-11-24.17:14:51::SCWPlatform:: Platform Path /home/jashshah/Desktop/Embedded_Lab/HW_SW_Interface/Game_Buttons_RTOS/workspace/Maze_Solver/hw/bd_wrapper.xsa
TRACE::2025-11-24.17:14:51::SCWPlatform:: Unique name xilinx:::0.0
TRACE::2025-11-24.17:14:51::SCWPlatform::Trying to set the existing hwdb with name bd_wrapper_0
TRACE::2025-11-24.17:14:51::SCWPlatform::Opened existing hwdb bd_wrapper_0
TRACE::2025-11-24.17:14:51::SCWPlatform::Found the Hw Db part of the input DSA
TRACE::2025-11-24.17:14:51::SCWMssOS::Checking the sw design at  /home/jashshah/Desktop/Embedded_Lab/HW_SW_Interface/Game_Buttons_RTOS/workspace/Maze_Solver/microblaze_0/standalone_domain/bsp/system.mss
TRACE::2025-11-24.17:14:51::SCWMssOS::DEBUG:  swdes dump  /home/jashshah/Desktop/Embedded_Lab/HW_SW_Interface/Game_Buttons_RTOS/workspace/Maze_Solver/microblaze_0/standalone_domain/bsp/system.mss|system||

TRACE::2025-11-24.17:14:51::SCWMssOS::Sw design exists and opened at  /home/jashshah/Desktop/Embedded_Lab/HW_SW_Interface/Game_Buttons_RTOS/workspace/Maze_Solver/microblaze_0/standalone_domain/bsp/system.mss
TRACE::2025-11-24.17:14:51::SCWWriter::formatted JSON is {
	"platformName":	"Maze_Solver",
	"sprVersion":	"2.0",
	"mode":	"gui",
	"dsaType":	"Fixed",
	"platformDesc":	"Maze_Solver",
	"platHandOff":	"/home/jashshah/Desktop/Embedded_Lab/HW_SW_Interface/Game_Buttons_RTOS/bd_wrapper.xsa",
	"platIntHandOff":	"<platformDir>/hw/bd_wrapper.xsa",
	"deviceType":	"FPGA",
	"platIsPrebuiltAutogen":	"false",
	"platIsNoBootBsp":	"false",
	"hasFsblMakeHasChanges":	"false",
	"hasPmufwMakeHasChanges":	"false",
	"platPreBuiltFlag":	false,
	"platformSamplesDir":	"",
	"platActiveSys":	"Maze_Solver",
	"systems":	[{
			"systemName":	"Maze_Solver",
			"systemDesc":	"Maze_Solver",
			"sysIsBootAutoGen":	"true",
			"systemDispName":	"Maze_Solver",
			"sysActiveDom":	"standalone_domain",
			"sysDefaultDom":	"standalone_domain",
			"domains":	[{
					"domainName":	"standalone_domain",
					"domainDispName":	"standalone_domain",
					"domainDesc":	"standalone_domain",
					"processors":	"microblaze_0",
					"os":	"standalone",
					"sdxOs":	"standalone",
					"debugEnable":	"False",
					"domRuntimes":	["cpp"],
					"swRepo":	"",
					"mssOsVer":	"7.7",
					"mssFile":	"",
					"md5Digest":	"b01652c0d3c342c74bfac30f11e4c2cb",
					"compatibleApp":	"",
					"domType":	"mssDomain",
					"arch":	"32-bit",
					"appSettings":	{
						"appCompilerFlags":	"",
						"appLinkerFlags":	""
					},
					"addedLibs":	[],
					"libOptions":	{
						"libsContainingOptions":	[]
					},
					"prebuiltLibs":	{
						"prebuiltIncPath":	[],
						"prebuiltLibPath":	[]
					},
					"isolation":	{
					}
				}]
		}]
}
KEYINFO::2025-11-24.17:14:51::SCWPlatform::updated the xpfm file.
TRACE::2025-11-24.17:14:51::SCWPlatform::Trying to open the hw design at /home/jashshah/Desktop/Embedded_Lab/HW_SW_Interface/Game_Buttons_RTOS/workspace/Maze_Solver/hw/bd_wrapper.xsa
TRACE::2025-11-24.17:14:51::SCWPlatform::DSA given /home/jashshah/Desktop/Embedded_Lab/HW_SW_Interface/Game_Buttons_RTOS/workspace/Maze_Solver/hw/bd_wrapper.xsa
TRACE::2025-11-24.17:14:51::SCWPlatform::DSA absoulate path /home/jashshah/Desktop/Embedded_Lab/HW_SW_Interface/Game_Buttons_RTOS/workspace/Maze_Solver/hw/bd_wrapper.xsa
TRACE::2025-11-24.17:14:51::SCWPlatform::DSA directory /home/jashshah/Desktop/Embedded_Lab/HW_SW_Interface/Game_Buttons_RTOS/workspace/Maze_Solver/hw
TRACE::2025-11-24.17:14:51::SCWPlatform:: Platform Path /home/jashshah/Desktop/Embedded_Lab/HW_SW_Interface/Game_Buttons_RTOS/workspace/Maze_Solver/hw/bd_wrapper.xsa
TRACE::2025-11-24.17:14:51::SCWPlatform:: Unique name xilinx:::0.0
TRACE::2025-11-24.17:14:51::SCWPlatform::Trying to set the existing hwdb with name bd_wrapper_0
TRACE::2025-11-24.17:14:51::SCWPlatform::Opened existing hwdb bd_wrapper_0
TRACE::2025-11-24.17:14:51::SCWPlatform::Found the Hw Db part of the input DSA
TRACE::2025-11-24.17:14:51::SCWMssOS::Checking the sw design at  /home/jashshah/Desktop/Embedded_Lab/HW_SW_Interface/Game_Buttons_RTOS/workspace/Maze_Solver/microblaze_0/standalone_domain/bsp/system.mss
TRACE::2025-11-24.17:14:51::SCWMssOS::DEBUG:  swdes dump  /home/jashshah/Desktop/Embedded_Lab/HW_SW_Interface/Game_Buttons_RTOS/workspace/Maze_Solver/microblaze_0/standalone_domain/bsp/system.mss|system||

TRACE::2025-11-24.17:14:51::SCWMssOS::Sw design exists and opened at  /home/jashshah/Desktop/Embedded_Lab/HW_SW_Interface/Game_Buttons_RTOS/workspace/Maze_Solver/microblaze_0/standalone_domain/bsp/system.mss
TRACE::2025-11-24.17:14:51::SCWMssOS::Saving the mss changes /home/jashshah/Desktop/Embedded_Lab/HW_SW_Interface/Game_Buttons_RTOS/workspace/Maze_Solver/microblaze_0/standalone_domain/bsp/system.mss
TRACE::2025-11-24.17:14:51::SCWMssOS::Found a swdesign opened with the mssfile.
TRACE::2025-11-24.17:14:51::SCWMssOS::Completed writemss as part of save.
TRACE::2025-11-24.17:14:51::SCWMssOS::Commit changes completed.
TRACE::2025-11-24.17:14:51::SCWPlatform::Trying to open the hw design at /home/jashshah/Desktop/Embedded_Lab/HW_SW_Interface/Game_Buttons_RTOS/workspace/Maze_Solver/hw/bd_wrapper.xsa
TRACE::2025-11-24.17:14:51::SCWPlatform::DSA given /home/jashshah/Desktop/Embedded_Lab/HW_SW_Interface/Game_Buttons_RTOS/workspace/Maze_Solver/hw/bd_wrapper.xsa
TRACE::2025-11-24.17:14:51::SCWPlatform::DSA absoulate path /home/jashshah/Desktop/Embedded_Lab/HW_SW_Interface/Game_Buttons_RTOS/workspace/Maze_Solver/hw/bd_wrapper.xsa
TRACE::2025-11-24.17:14:51::SCWPlatform::DSA directory /home/jashshah/Desktop/Embedded_Lab/HW_SW_Interface/Game_Buttons_RTOS/workspace/Maze_Solver/hw
TRACE::2025-11-24.17:14:51::SCWPlatform:: Platform Path /home/jashshah/Desktop/Embedded_Lab/HW_SW_Interface/Game_Buttons_RTOS/workspace/Maze_Solver/hw/bd_wrapper.xsa
TRACE::2025-11-24.17:14:51::SCWPlatform:: Unique name xilinx:::0.0
TRACE::2025-11-24.17:14:51::SCWPlatform::Trying to set the existing hwdb with name bd_wrapper_0
TRACE::2025-11-24.17:14:51::SCWPlatform::Opened existing hwdb bd_wrapper_0
TRACE::2025-11-24.17:14:51::SCWPlatform::Found the Hw Db part of the input DSA
TRACE::2025-11-24.17:14:51::SCWMssOS::Checking the sw design at  /home/jashshah/Desktop/Embedded_Lab/HW_SW_Interface/Game_Buttons_RTOS/workspace/Maze_Solver/microblaze_0/standalone_domain/bsp/system.mss
TRACE::2025-11-24.17:14:51::SCWMssOS::DEBUG:  swdes dump  /home/jashshah/Desktop/Embedded_Lab/HW_SW_Interface/Game_Buttons_RTOS/workspace/Maze_Solver/microblaze_0/standalone_domain/bsp/system.mss|system||

TRACE::2025-11-24.17:14:51::SCWMssOS::Sw design exists and opened at  /home/jashshah/Desktop/Embedded_Lab/HW_SW_Interface/Game_Buttons_RTOS/workspace/Maze_Solver/microblaze_0/standalone_domain/bsp/system.mss
TRACE::2025-11-24.17:14:51::SCWPlatform::Trying to open the hw design at /home/jashshah/Desktop/Embedded_Lab/HW_SW_Interface/Game_Buttons_RTOS/workspace/Maze_Solver/hw/bd_wrapper.xsa
TRACE::2025-11-24.17:14:51::SCWPlatform::DSA given /home/jashshah/Desktop/Embedded_Lab/HW_SW_Interface/Game_Buttons_RTOS/workspace/Maze_Solver/hw/bd_wrapper.xsa
TRACE::2025-11-24.17:14:51::SCWPlatform::DSA absoulate path /home/jashshah/Desktop/Embedded_Lab/HW_SW_Interface/Game_Buttons_RTOS/workspace/Maze_Solver/hw/bd_wrapper.xsa
TRACE::2025-11-24.17:14:51::SCWPlatform::DSA directory /home/jashshah/Desktop/Embedded_Lab/HW_SW_Interface/Game_Buttons_RTOS/workspace/Maze_Solver/hw
TRACE::2025-11-24.17:14:51::SCWPlatform:: Platform Path /home/jashshah/Desktop/Embedded_Lab/HW_SW_Interface/Game_Buttons_RTOS/workspace/Maze_Solver/hw/bd_wrapper.xsa
TRACE::2025-11-24.17:14:51::SCWPlatform:: Unique name xilinx:::0.0
TRACE::2025-11-24.17:14:51::SCWPlatform::Trying to set the existing hwdb with name bd_wrapper_0
TRACE::2025-11-24.17:14:51::SCWPlatform::Opened existing hwdb bd_wrapper_0
TRACE::2025-11-24.17:14:51::SCWPlatform::Found the Hw Db part of the input DSA
TRACE::2025-11-24.17:14:51::SCWMssOS::Checking the sw design at  /home/jashshah/Desktop/Embedded_Lab/HW_SW_Interface/Game_Buttons_RTOS/workspace/Maze_Solver/microblaze_0/standalone_domain/bsp/system.mss
TRACE::2025-11-24.17:14:51::SCWMssOS::DEBUG:  swdes dump  /home/jashshah/Desktop/Embedded_Lab/HW_SW_Interface/Game_Buttons_RTOS/workspace/Maze_Solver/microblaze_0/standalone_domain/bsp/system.mss|system||

TRACE::2025-11-24.17:14:51::SCWMssOS::Sw design exists and opened at  /home/jashshah/Desktop/Embedded_Lab/HW_SW_Interface/Game_Buttons_RTOS/workspace/Maze_Solver/microblaze_0/standalone_domain/bsp/system.mss
TRACE::2025-11-24.17:14:51::SCWPlatform::Trying to open the hw design at /home/jashshah/Desktop/Embedded_Lab/HW_SW_Interface/Game_Buttons_RTOS/workspace/Maze_Solver/hw/bd_wrapper.xsa
TRACE::2025-11-24.17:14:51::SCWPlatform::DSA given /home/jashshah/Desktop/Embedded_Lab/HW_SW_Interface/Game_Buttons_RTOS/workspace/Maze_Solver/hw/bd_wrapper.xsa
TRACE::2025-11-24.17:14:51::SCWPlatform::DSA absoulate path /home/jashshah/Desktop/Embedded_Lab/HW_SW_Interface/Game_Buttons_RTOS/workspace/Maze_Solver/hw/bd_wrapper.xsa
TRACE::2025-11-24.17:14:51::SCWPlatform::DSA directory /home/jashshah/Desktop/Embedded_Lab/HW_SW_Interface/Game_Buttons_RTOS/workspace/Maze_Solver/hw
TRACE::2025-11-24.17:14:51::SCWPlatform:: Platform Path /home/jashshah/Desktop/Embedded_Lab/HW_SW_Interface/Game_Buttons_RTOS/workspace/Maze_Solver/hw/bd_wrapper.xsa
TRACE::2025-11-24.17:14:51::SCWPlatform:: Unique name xilinx:::0.0
TRACE::2025-11-24.17:14:51::SCWPlatform::Trying to set the existing hwdb with name bd_wrapper_0
TRACE::2025-11-24.17:14:51::SCWPlatform::Opened existing hwdb bd_wrapper_0
TRACE::2025-11-24.17:14:51::SCWPlatform::Found the Hw Db part of the input DSA
TRACE::2025-11-24.17:14:51::SCWMssOS::Checking the sw design at  /home/jashshah/Desktop/Embedded_Lab/HW_SW_Interface/Game_Buttons_RTOS/workspace/Maze_Solver/microblaze_0/standalone_domain/bsp/system.mss
TRACE::2025-11-24.17:14:51::SCWMssOS::DEBUG:  swdes dump  /home/jashshah/Desktop/Embedded_Lab/HW_SW_Interface/Game_Buttons_RTOS/workspace/Maze_Solver/microblaze_0/standalone_domain/bsp/system.mss|system||

TRACE::2025-11-24.17:14:51::SCWMssOS::Sw design exists and opened at  /home/jashshah/Desktop/Embedded_Lab/HW_SW_Interface/Game_Buttons_RTOS/workspace/Maze_Solver/microblaze_0/standalone_domain/bsp/system.mss
TRACE::2025-11-24.17:14:51::SCWWriter::formatted JSON is {
	"platformName":	"Maze_Solver",
	"sprVersion":	"2.0",
	"mode":	"gui",
	"dsaType":	"Fixed",
	"platformDesc":	"Maze_Solver",
	"platHandOff":	"/home/jashshah/Desktop/Embedded_Lab/HW_SW_Interface/Game_Buttons_RTOS/bd_wrapper.xsa",
	"platIntHandOff":	"<platformDir>/hw/bd_wrapper.xsa",
	"deviceType":	"FPGA",
	"platIsPrebuiltAutogen":	"false",
	"platIsNoBootBsp":	"false",
	"hasFsblMakeHasChanges":	"false",
	"hasPmufwMakeHasChanges":	"false",
	"platPreBuiltFlag":	false,
	"platformSamplesDir":	"",
	"platActiveSys":	"Maze_Solver",
	"systems":	[{
			"systemName":	"Maze_Solver",
			"systemDesc":	"Maze_Solver",
			"sysIsBootAutoGen":	"true",
			"systemDispName":	"Maze_Solver",
			"sysActiveDom":	"standalone_domain",
			"sysDefaultDom":	"standalone_domain",
			"domains":	[{
					"domainName":	"standalone_domain",
					"domainDispName":	"standalone_domain",
					"domainDesc":	"standalone_domain",
					"processors":	"microblaze_0",
					"os":	"standalone",
					"sdxOs":	"standalone",
					"debugEnable":	"False",
					"domRuntimes":	["cpp"],
					"swRepo":	"",
					"mssOsVer":	"7.7",
					"mssFile":	"",
					"md5Digest":	"b01652c0d3c342c74bfac30f11e4c2cb",
					"compatibleApp":	"",
					"domType":	"mssDomain",
					"arch":	"32-bit",
					"appSettings":	{
						"appCompilerFlags":	"",
						"appLinkerFlags":	""
					},
					"addedLibs":	[],
					"libOptions":	{
						"libsContainingOptions":	[]
					},
					"prebuiltLibs":	{
						"prebuiltIncPath":	[],
						"prebuiltLibPath":	[]
					},
					"isolation":	{
					}
				}]
		}]
}
TRACE::2025-11-24.17:14:51::SCWPlatform::Trying to open the hw design at /home/jashshah/Desktop/Embedded_Lab/HW_SW_Interface/Game_Buttons_RTOS/workspace/Maze_Solver/hw/bd_wrapper.xsa
TRACE::2025-11-24.17:14:51::SCWPlatform::DSA given /home/jashshah/Desktop/Embedded_Lab/HW_SW_Interface/Game_Buttons_RTOS/workspace/Maze_Solver/hw/bd_wrapper.xsa
TRACE::2025-11-24.17:14:51::SCWPlatform::DSA absoulate path /home/jashshah/Desktop/Embedded_Lab/HW_SW_Interface/Game_Buttons_RTOS/workspace/Maze_Solver/hw/bd_wrapper.xsa
TRACE::2025-11-24.17:14:51::SCWPlatform::DSA directory /home/jashshah/Desktop/Embedded_Lab/HW_SW_Interface/Game_Buttons_RTOS/workspace/Maze_Solver/hw
TRACE::2025-11-24.17:14:51::SCWPlatform:: Platform Path /home/jashshah/Desktop/Embedded_Lab/HW_SW_Interface/Game_Buttons_RTOS/workspace/Maze_Solver/hw/bd_wrapper.xsa
TRACE::2025-11-24.17:14:51::SCWPlatform:: Unique name xilinx:::0.0
TRACE::2025-11-24.17:14:51::SCWPlatform::Trying to set the existing hwdb with name bd_wrapper_0
TRACE::2025-11-24.17:14:51::SCWPlatform::Opened existing hwdb bd_wrapper_0
TRACE::2025-11-24.17:14:51::SCWPlatform::Found the Hw Db part of the input DSA
TRACE::2025-11-24.17:14:51::SCWMssOS::Checking the sw design at  /home/jashshah/Desktop/Embedded_Lab/HW_SW_Interface/Game_Buttons_RTOS/workspace/Maze_Solver/microblaze_0/standalone_domain/bsp/system.mss
TRACE::2025-11-24.17:14:51::SCWMssOS::DEBUG:  swdes dump  /home/jashshah/Desktop/Embedded_Lab/HW_SW_Interface/Game_Buttons_RTOS/workspace/Maze_Solver/microblaze_0/standalone_domain/bsp/system.mss|system||

TRACE::2025-11-24.17:14:51::SCWMssOS::Sw design exists and opened at  /home/jashshah/Desktop/Embedded_Lab/HW_SW_Interface/Game_Buttons_RTOS/workspace/Maze_Solver/microblaze_0/standalone_domain/bsp/system.mss
TRACE::2025-11-24.17:14:51::SCWPlatform::Trying to open the hw design at /home/jashshah/Desktop/Embedded_Lab/HW_SW_Interface/Game_Buttons_RTOS/workspace/Maze_Solver/hw/bd_wrapper.xsa
TRACE::2025-11-24.17:14:51::SCWPlatform::DSA given /home/jashshah/Desktop/Embedded_Lab/HW_SW_Interface/Game_Buttons_RTOS/workspace/Maze_Solver/hw/bd_wrapper.xsa
TRACE::2025-11-24.17:14:51::SCWPlatform::DSA absoulate path /home/jashshah/Desktop/Embedded_Lab/HW_SW_Interface/Game_Buttons_RTOS/workspace/Maze_Solver/hw/bd_wrapper.xsa
TRACE::2025-11-24.17:14:51::SCWPlatform::DSA directory /home/jashshah/Desktop/Embedded_Lab/HW_SW_Interface/Game_Buttons_RTOS/workspace/Maze_Solver/hw
TRACE::2025-11-24.17:14:51::SCWPlatform:: Platform Path /home/jashshah/Desktop/Embedded_Lab/HW_SW_Interface/Game_Buttons_RTOS/workspace/Maze_Solver/hw/bd_wrapper.xsa
TRACE::2025-11-24.17:14:51::SCWPlatform:: Unique name xilinx:::0.0
TRACE::2025-11-24.17:14:51::SCWPlatform::Trying to set the existing hwdb with name bd_wrapper_0
TRACE::2025-11-24.17:14:51::SCWPlatform::Opened existing hwdb bd_wrapper_0
TRACE::2025-11-24.17:14:51::SCWPlatform::Found the Hw Db part of the input DSA
TRACE::2025-11-24.17:14:51::SCWMssOS::Checking the sw design at  /home/jashshah/Desktop/Embedded_Lab/HW_SW_Interface/Game_Buttons_RTOS/workspace/Maze_Solver/microblaze_0/standalone_domain/bsp/system.mss
TRACE::2025-11-24.17:14:51::SCWMssOS::DEBUG:  swdes dump  /home/jashshah/Desktop/Embedded_Lab/HW_SW_Interface/Game_Buttons_RTOS/workspace/Maze_Solver/microblaze_0/standalone_domain/bsp/system.mss|system||

TRACE::2025-11-24.17:14:51::SCWMssOS::Sw design exists and opened at  /home/jashshah/Desktop/Embedded_Lab/HW_SW_Interface/Game_Buttons_RTOS/workspace/Maze_Solver/microblaze_0/standalone_domain/bsp/system.mss
TRACE::2025-11-24.17:14:51::SCWPlatform::Trying to open the hw design at /home/jashshah/Desktop/Embedded_Lab/HW_SW_Interface/Game_Buttons_RTOS/workspace/Maze_Solver/hw/bd_wrapper.xsa
TRACE::2025-11-24.17:14:51::SCWPlatform::DSA given /home/jashshah/Desktop/Embedded_Lab/HW_SW_Interface/Game_Buttons_RTOS/workspace/Maze_Solver/hw/bd_wrapper.xsa
TRACE::2025-11-24.17:14:51::SCWPlatform::DSA absoulate path /home/jashshah/Desktop/Embedded_Lab/HW_SW_Interface/Game_Buttons_RTOS/workspace/Maze_Solver/hw/bd_wrapper.xsa
TRACE::2025-11-24.17:14:51::SCWPlatform::DSA directory /home/jashshah/Desktop/Embedded_Lab/HW_SW_Interface/Game_Buttons_RTOS/workspace/Maze_Solver/hw
TRACE::2025-11-24.17:14:51::SCWPlatform:: Platform Path /home/jashshah/Desktop/Embedded_Lab/HW_SW_Interface/Game_Buttons_RTOS/workspace/Maze_Solver/hw/bd_wrapper.xsa
TRACE::2025-11-24.17:14:51::SCWPlatform:: Unique name xilinx:::0.0
TRACE::2025-11-24.17:14:51::SCWPlatform::Trying to set the existing hwdb with name bd_wrapper_0
TRACE::2025-11-24.17:14:51::SCWPlatform::Opened existing hwdb bd_wrapper_0
TRACE::2025-11-24.17:14:51::SCWPlatform::Found the Hw Db part of the input DSA
TRACE::2025-11-24.17:14:51::SCWMssOS::Checking the sw design at  /home/jashshah/Desktop/Embedded_Lab/HW_SW_Interface/Game_Buttons_RTOS/workspace/Maze_Solver/microblaze_0/standalone_domain/bsp/system.mss
TRACE::2025-11-24.17:14:51::SCWMssOS::DEBUG:  swdes dump  /home/jashshah/Desktop/Embedded_Lab/HW_SW_Interface/Game_Buttons_RTOS/workspace/Maze_Solver/microblaze_0/standalone_domain/bsp/system.mss|system||

TRACE::2025-11-24.17:14:51::SCWMssOS::Sw design exists and opened at  /home/jashshah/Desktop/Embedded_Lab/HW_SW_Interface/Game_Buttons_RTOS/workspace/Maze_Solver/microblaze_0/standalone_domain/bsp/system.mss
TRACE::2025-11-24.17:14:51::SCWMssOS::Saving the mss changes /home/jashshah/Desktop/Embedded_Lab/HW_SW_Interface/Game_Buttons_RTOS/workspace/Maze_Solver/microblaze_0/standalone_domain/bsp/system.mss
TRACE::2025-11-24.17:14:51::SCWMssOS::Found a swdesign opened with the mssfile.
TRACE::2025-11-24.17:14:51::SCWMssOS::Completed writemss as part of save.
TRACE::2025-11-24.17:14:51::SCWMssOS::Commit changes completed.
TRACE::2025-11-24.17:14:51::SCWPlatform::Trying to open the hw design at /home/jashshah/Desktop/Embedded_Lab/HW_SW_Interface/Game_Buttons_RTOS/workspace/Maze_Solver/hw/bd_wrapper.xsa
TRACE::2025-11-24.17:14:51::SCWPlatform::DSA given /home/jashshah/Desktop/Embedded_Lab/HW_SW_Interface/Game_Buttons_RTOS/workspace/Maze_Solver/hw/bd_wrapper.xsa
TRACE::2025-11-24.17:14:51::SCWPlatform::DSA absoulate path /home/jashshah/Desktop/Embedded_Lab/HW_SW_Interface/Game_Buttons_RTOS/workspace/Maze_Solver/hw/bd_wrapper.xsa
TRACE::2025-11-24.17:14:51::SCWPlatform::DSA directory /home/jashshah/Desktop/Embedded_Lab/HW_SW_Interface/Game_Buttons_RTOS/workspace/Maze_Solver/hw
TRACE::2025-11-24.17:14:51::SCWPlatform:: Platform Path /home/jashshah/Desktop/Embedded_Lab/HW_SW_Interface/Game_Buttons_RTOS/workspace/Maze_Solver/hw/bd_wrapper.xsa
TRACE::2025-11-24.17:14:51::SCWPlatform:: Unique name xilinx:::0.0
TRACE::2025-11-24.17:14:52::SCWPlatform::Trying to set the existing hwdb with name bd_wrapper_0
TRACE::2025-11-24.17:14:52::SCWPlatform::Opened existing hwdb bd_wrapper_0
TRACE::2025-11-24.17:14:52::SCWPlatform::Found the Hw Db part of the input DSA
TRACE::2025-11-24.17:14:52::SCWMssOS::Checking the sw design at  /home/jashshah/Desktop/Embedded_Lab/HW_SW_Interface/Game_Buttons_RTOS/workspace/Maze_Solver/microblaze_0/standalone_domain/bsp/system.mss
TRACE::2025-11-24.17:14:52::SCWMssOS::DEBUG:  swdes dump  /home/jashshah/Desktop/Embedded_Lab/HW_SW_Interface/Game_Buttons_RTOS/workspace/Maze_Solver/microblaze_0/standalone_domain/bsp/system.mss|system||

TRACE::2025-11-24.17:14:52::SCWMssOS::Sw design exists and opened at  /home/jashshah/Desktop/Embedded_Lab/HW_SW_Interface/Game_Buttons_RTOS/workspace/Maze_Solver/microblaze_0/standalone_domain/bsp/system.mss
TRACE::2025-11-24.17:14:52::SCWPlatform::Trying to open the hw design at /home/jashshah/Desktop/Embedded_Lab/HW_SW_Interface/Game_Buttons_RTOS/workspace/Maze_Solver/hw/bd_wrapper.xsa
TRACE::2025-11-24.17:14:52::SCWPlatform::DSA given /home/jashshah/Desktop/Embedded_Lab/HW_SW_Interface/Game_Buttons_RTOS/workspace/Maze_Solver/hw/bd_wrapper.xsa
TRACE::2025-11-24.17:14:52::SCWPlatform::DSA absoulate path /home/jashshah/Desktop/Embedded_Lab/HW_SW_Interface/Game_Buttons_RTOS/workspace/Maze_Solver/hw/bd_wrapper.xsa
TRACE::2025-11-24.17:14:52::SCWPlatform::DSA directory /home/jashshah/Desktop/Embedded_Lab/HW_SW_Interface/Game_Buttons_RTOS/workspace/Maze_Solver/hw
TRACE::2025-11-24.17:14:52::SCWPlatform:: Platform Path /home/jashshah/Desktop/Embedded_Lab/HW_SW_Interface/Game_Buttons_RTOS/workspace/Maze_Solver/hw/bd_wrapper.xsa
TRACE::2025-11-24.17:14:52::SCWPlatform:: Unique name xilinx:::0.0
TRACE::2025-11-24.17:14:52::SCWPlatform::Trying to set the existing hwdb with name bd_wrapper_0
TRACE::2025-11-24.17:14:52::SCWPlatform::Opened existing hwdb bd_wrapper_0
TRACE::2025-11-24.17:14:52::SCWPlatform::Found the Hw Db part of the input DSA
TRACE::2025-11-24.17:14:52::SCWMssOS::Checking the sw design at  /home/jashshah/Desktop/Embedded_Lab/HW_SW_Interface/Game_Buttons_RTOS/workspace/Maze_Solver/microblaze_0/standalone_domain/bsp/system.mss
TRACE::2025-11-24.17:14:52::SCWMssOS::DEBUG:  swdes dump  /home/jashshah/Desktop/Embedded_Lab/HW_SW_Interface/Game_Buttons_RTOS/workspace/Maze_Solver/microblaze_0/standalone_domain/bsp/system.mss|system||

TRACE::2025-11-24.17:14:52::SCWMssOS::Sw design exists and opened at  /home/jashshah/Desktop/Embedded_Lab/HW_SW_Interface/Game_Buttons_RTOS/workspace/Maze_Solver/microblaze_0/standalone_domain/bsp/system.mss
TRACE::2025-11-24.17:14:52::SCWPlatform::Trying to open the hw design at /home/jashshah/Desktop/Embedded_Lab/HW_SW_Interface/Game_Buttons_RTOS/workspace/Maze_Solver/hw/bd_wrapper.xsa
TRACE::2025-11-24.17:14:52::SCWPlatform::DSA given /home/jashshah/Desktop/Embedded_Lab/HW_SW_Interface/Game_Buttons_RTOS/workspace/Maze_Solver/hw/bd_wrapper.xsa
TRACE::2025-11-24.17:14:52::SCWPlatform::DSA absoulate path /home/jashshah/Desktop/Embedded_Lab/HW_SW_Interface/Game_Buttons_RTOS/workspace/Maze_Solver/hw/bd_wrapper.xsa
TRACE::2025-11-24.17:14:52::SCWPlatform::DSA directory /home/jashshah/Desktop/Embedded_Lab/HW_SW_Interface/Game_Buttons_RTOS/workspace/Maze_Solver/hw
TRACE::2025-11-24.17:14:52::SCWPlatform:: Platform Path /home/jashshah/Desktop/Embedded_Lab/HW_SW_Interface/Game_Buttons_RTOS/workspace/Maze_Solver/hw/bd_wrapper.xsa
TRACE::2025-11-24.17:14:52::SCWPlatform:: Unique name xilinx:::0.0
TRACE::2025-11-24.17:14:52::SCWPlatform::Trying to set the existing hwdb with name bd_wrapper_0
TRACE::2025-11-24.17:14:52::SCWPlatform::Opened existing hwdb bd_wrapper_0
TRACE::2025-11-24.17:14:52::SCWPlatform::Found the Hw Db part of the input DSA
TRACE::2025-11-24.17:14:52::SCWMssOS::Checking the sw design at  /home/jashshah/Desktop/Embedded_Lab/HW_SW_Interface/Game_Buttons_RTOS/workspace/Maze_Solver/microblaze_0/standalone_domain/bsp/system.mss
TRACE::2025-11-24.17:14:52::SCWMssOS::DEBUG:  swdes dump  /home/jashshah/Desktop/Embedded_Lab/HW_SW_Interface/Game_Buttons_RTOS/workspace/Maze_Solver/microblaze_0/standalone_domain/bsp/system.mss|system||

TRACE::2025-11-24.17:14:52::SCWMssOS::Sw design exists and opened at  /home/jashshah/Desktop/Embedded_Lab/HW_SW_Interface/Game_Buttons_RTOS/workspace/Maze_Solver/microblaze_0/standalone_domain/bsp/system.mss
TRACE::2025-11-24.17:14:52::SCWWriter::formatted JSON is {
	"platformName":	"Maze_Solver",
	"sprVersion":	"2.0",
	"mode":	"gui",
	"dsaType":	"Fixed",
	"platformDesc":	"Maze_Solver",
	"platHandOff":	"/home/jashshah/Desktop/Embedded_Lab/HW_SW_Interface/Game_Buttons_RTOS/bd_wrapper.xsa",
	"platIntHandOff":	"<platformDir>/hw/bd_wrapper.xsa",
	"deviceType":	"FPGA",
	"platIsPrebuiltAutogen":	"false",
	"platIsNoBootBsp":	"false",
	"hasFsblMakeHasChanges":	"false",
	"hasPmufwMakeHasChanges":	"false",
	"platPreBuiltFlag":	false,
	"platformSamplesDir":	"",
	"platActiveSys":	"Maze_Solver",
	"systems":	[{
			"systemName":	"Maze_Solver",
			"systemDesc":	"Maze_Solver",
			"sysIsBootAutoGen":	"true",
			"systemDispName":	"Maze_Solver",
			"sysActiveDom":	"standalone_domain",
			"sysDefaultDom":	"standalone_domain",
			"domains":	[{
					"domainName":	"standalone_domain",
					"domainDispName":	"standalone on microblaze_0",
					"domainDesc":	"standalone_domain",
					"processors":	"microblaze_0",
					"os":	"standalone",
					"sdxOs":	"standalone",
					"debugEnable":	"False",
					"domRuntimes":	["cpp"],
					"swRepo":	"",
					"mssOsVer":	"7.7",
					"mssFile":	"",
					"md5Digest":	"b01652c0d3c342c74bfac30f11e4c2cb",
					"compatibleApp":	"",
					"domType":	"mssDomain",
					"arch":	"32-bit",
					"appSettings":	{
						"appCompilerFlags":	"",
						"appLinkerFlags":	""
					},
					"addedLibs":	[],
					"libOptions":	{
						"libsContainingOptions":	[]
					},
					"prebuiltLibs":	{
						"prebuiltIncPath":	[],
						"prebuiltLibPath":	[]
					},
					"isolation":	{
					}
				}]
		}]
}
TRACE::2025-11-24.17:14:52::SCWMssOS::Saving the mss changes /home/jashshah/Desktop/Embedded_Lab/HW_SW_Interface/Game_Buttons_RTOS/workspace/Maze_Solver/microblaze_0/standalone_domain/bsp/system.mss
TRACE::2025-11-24.17:14:52::SCWMssOS::Found a swdesign opened with the mssfile.
TRACE::2025-11-24.17:14:52::SCWMssOS::Completed writemss as part of save.
TRACE::2025-11-24.17:14:52::SCWMssOS::Commit changes completed.
TRACE::2025-11-24.17:14:52::SCWPlatform::Trying to open the hw design at /home/jashshah/Desktop/Embedded_Lab/HW_SW_Interface/Game_Buttons_RTOS/workspace/Maze_Solver/hw/bd_wrapper.xsa
TRACE::2025-11-24.17:14:52::SCWPlatform::DSA given /home/jashshah/Desktop/Embedded_Lab/HW_SW_Interface/Game_Buttons_RTOS/workspace/Maze_Solver/hw/bd_wrapper.xsa
TRACE::2025-11-24.17:14:52::SCWPlatform::DSA absoulate path /home/jashshah/Desktop/Embedded_Lab/HW_SW_Interface/Game_Buttons_RTOS/workspace/Maze_Solver/hw/bd_wrapper.xsa
TRACE::2025-11-24.17:14:52::SCWPlatform::DSA directory /home/jashshah/Desktop/Embedded_Lab/HW_SW_Interface/Game_Buttons_RTOS/workspace/Maze_Solver/hw
TRACE::2025-11-24.17:14:52::SCWPlatform:: Platform Path /home/jashshah/Desktop/Embedded_Lab/HW_SW_Interface/Game_Buttons_RTOS/workspace/Maze_Solver/hw/bd_wrapper.xsa
TRACE::2025-11-24.17:14:52::SCWPlatform:: Unique name xilinx:::0.0
TRACE::2025-11-24.17:14:52::SCWPlatform::Trying to set the existing hwdb with name bd_wrapper_0
TRACE::2025-11-24.17:14:52::SCWPlatform::Opened existing hwdb bd_wrapper_0
TRACE::2025-11-24.17:14:52::SCWPlatform::Found the Hw Db part of the input DSA
TRACE::2025-11-24.17:14:52::SCWMssOS::Checking the sw design at  /home/jashshah/Desktop/Embedded_Lab/HW_SW_Interface/Game_Buttons_RTOS/workspace/Maze_Solver/microblaze_0/standalone_domain/bsp/system.mss
TRACE::2025-11-24.17:14:52::SCWMssOS::DEBUG:  swdes dump  /home/jashshah/Desktop/Embedded_Lab/HW_SW_Interface/Game_Buttons_RTOS/workspace/Maze_Solver/microblaze_0/standalone_domain/bsp/system.mss|system||

TRACE::2025-11-24.17:14:52::SCWMssOS::Sw design exists and opened at  /home/jashshah/Desktop/Embedded_Lab/HW_SW_Interface/Game_Buttons_RTOS/workspace/Maze_Solver/microblaze_0/standalone_domain/bsp/system.mss
TRACE::2025-11-24.17:14:52::SCWPlatform::Trying to open the hw design at /home/jashshah/Desktop/Embedded_Lab/HW_SW_Interface/Game_Buttons_RTOS/workspace/Maze_Solver/hw/bd_wrapper.xsa
TRACE::2025-11-24.17:14:52::SCWPlatform::DSA given /home/jashshah/Desktop/Embedded_Lab/HW_SW_Interface/Game_Buttons_RTOS/workspace/Maze_Solver/hw/bd_wrapper.xsa
TRACE::2025-11-24.17:14:52::SCWPlatform::DSA absoulate path /home/jashshah/Desktop/Embedded_Lab/HW_SW_Interface/Game_Buttons_RTOS/workspace/Maze_Solver/hw/bd_wrapper.xsa
TRACE::2025-11-24.17:14:52::SCWPlatform::DSA directory /home/jashshah/Desktop/Embedded_Lab/HW_SW_Interface/Game_Buttons_RTOS/workspace/Maze_Solver/hw
TRACE::2025-11-24.17:14:52::SCWPlatform:: Platform Path /home/jashshah/Desktop/Embedded_Lab/HW_SW_Interface/Game_Buttons_RTOS/workspace/Maze_Solver/hw/bd_wrapper.xsa
TRACE::2025-11-24.17:14:52::SCWPlatform:: Unique name xilinx:::0.0
TRACE::2025-11-24.17:14:52::SCWPlatform::Trying to set the existing hwdb with name bd_wrapper_0
TRACE::2025-11-24.17:14:52::SCWPlatform::Opened existing hwdb bd_wrapper_0
TRACE::2025-11-24.17:14:52::SCWPlatform::Found the Hw Db part of the input DSA
TRACE::2025-11-24.17:14:52::SCWMssOS::Checking the sw design at  /home/jashshah/Desktop/Embedded_Lab/HW_SW_Interface/Game_Buttons_RTOS/workspace/Maze_Solver/microblaze_0/standalone_domain/bsp/system.mss
TRACE::2025-11-24.17:14:52::SCWMssOS::DEBUG:  swdes dump  /home/jashshah/Desktop/Embedded_Lab/HW_SW_Interface/Game_Buttons_RTOS/workspace/Maze_Solver/microblaze_0/standalone_domain/bsp/system.mss|system||

TRACE::2025-11-24.17:14:52::SCWMssOS::Sw design exists and opened at  /home/jashshah/Desktop/Embedded_Lab/HW_SW_Interface/Game_Buttons_RTOS/workspace/Maze_Solver/microblaze_0/standalone_domain/bsp/system.mss
TRACE::2025-11-24.17:14:52::SCWPlatform::Trying to open the hw design at /home/jashshah/Desktop/Embedded_Lab/HW_SW_Interface/Game_Buttons_RTOS/workspace/Maze_Solver/hw/bd_wrapper.xsa
TRACE::2025-11-24.17:14:52::SCWPlatform::DSA given /home/jashshah/Desktop/Embedded_Lab/HW_SW_Interface/Game_Buttons_RTOS/workspace/Maze_Solver/hw/bd_wrapper.xsa
TRACE::2025-11-24.17:14:52::SCWPlatform::DSA absoulate path /home/jashshah/Desktop/Embedded_Lab/HW_SW_Interface/Game_Buttons_RTOS/workspace/Maze_Solver/hw/bd_wrapper.xsa
TRACE::2025-11-24.17:14:52::SCWPlatform::DSA directory /home/jashshah/Desktop/Embedded_Lab/HW_SW_Interface/Game_Buttons_RTOS/workspace/Maze_Solver/hw
TRACE::2025-11-24.17:14:52::SCWPlatform:: Platform Path /home/jashshah/Desktop/Embedded_Lab/HW_SW_Interface/Game_Buttons_RTOS/workspace/Maze_Solver/hw/bd_wrapper.xsa
TRACE::2025-11-24.17:14:52::SCWPlatform:: Unique name xilinx:::0.0
TRACE::2025-11-24.17:14:52::SCWPlatform::Trying to set the existing hwdb with name bd_wrapper_0
TRACE::2025-11-24.17:14:52::SCWPlatform::Opened existing hwdb bd_wrapper_0
TRACE::2025-11-24.17:14:52::SCWPlatform::Found the Hw Db part of the input DSA
TRACE::2025-11-24.17:14:52::SCWMssOS::Checking the sw design at  /home/jashshah/Desktop/Embedded_Lab/HW_SW_Interface/Game_Buttons_RTOS/workspace/Maze_Solver/microblaze_0/standalone_domain/bsp/system.mss
TRACE::2025-11-24.17:14:52::SCWMssOS::DEBUG:  swdes dump  /home/jashshah/Desktop/Embedded_Lab/HW_SW_Interface/Game_Buttons_RTOS/workspace/Maze_Solver/microblaze_0/standalone_domain/bsp/system.mss|system||

TRACE::2025-11-24.17:14:52::SCWMssOS::Sw design exists and opened at  /home/jashshah/Desktop/Embedded_Lab/HW_SW_Interface/Game_Buttons_RTOS/workspace/Maze_Solver/microblaze_0/standalone_domain/bsp/system.mss
TRACE::2025-11-24.17:14:52::SCWWriter::formatted JSON is {
	"platformName":	"Maze_Solver",
	"sprVersion":	"2.0",
	"mode":	"gui",
	"dsaType":	"Fixed",
	"platformDesc":	"Maze_Solver",
	"platHandOff":	"/home/jashshah/Desktop/Embedded_Lab/HW_SW_Interface/Game_Buttons_RTOS/bd_wrapper.xsa",
	"platIntHandOff":	"<platformDir>/hw/bd_wrapper.xsa",
	"deviceType":	"FPGA",
	"platIsPrebuiltAutogen":	"false",
	"platIsNoBootBsp":	"false",
	"hasFsblMakeHasChanges":	"false",
	"hasPmufwMakeHasChanges":	"false",
	"platPreBuiltFlag":	false,
	"platformSamplesDir":	"",
	"platActiveSys":	"Maze_Solver",
	"systems":	[{
			"systemName":	"Maze_Solver",
			"systemDesc":	"Maze_Solver",
			"sysIsBootAutoGen":	"true",
			"systemDispName":	"Maze_Solver",
			"sysActiveDom":	"standalone_domain",
			"sysDefaultDom":	"standalone_domain",
			"domains":	[{
					"domainName":	"standalone_domain",
					"domainDispName":	"standalone on microblaze_0",
					"domainDesc":	"standalone_domain",
					"processors":	"microblaze_0",
					"os":	"standalone",
					"sdxOs":	"standalone",
					"debugEnable":	"False",
					"domRuntimes":	["cpp"],
					"swRepo":	"",
					"mssOsVer":	"7.7",
					"mssFile":	"",
					"md5Digest":	"b01652c0d3c342c74bfac30f11e4c2cb",
					"compatibleApp":	"",
					"domType":	"mssDomain",
					"arch":	"32-bit",
					"appSettings":	{
						"appCompilerFlags":	"",
						"appLinkerFlags":	""
					},
					"addedLibs":	[],
					"libOptions":	{
						"libsContainingOptions":	[]
					},
					"prebuiltLibs":	{
						"prebuiltIncPath":	[],
						"prebuiltLibPath":	[]
					},
					"isolation":	{
					}
				}]
		}]
}
TRACE::2025-11-24.17:14:52::SCWPlatform::Clearing the existing platform
TRACE::2025-11-24.17:14:52::SCWSystem::Clearing the existing sysconfig
TRACE::2025-11-24.17:14:52::SCWMssOS::Removing the swdes entry for  /home/jashshah/Desktop/Embedded_Lab/HW_SW_Interface/Game_Buttons_RTOS/workspace/Maze_Solver/microblaze_0/standalone_domain/bsp/system.mss
TRACE::2025-11-24.17:14:52::SCWSystem::Clearing the domains completed.
TRACE::2025-11-24.17:14:52::SCWPlatform::Clearing the opened hw db.
TRACE::2025-11-24.17:14:52::SCWPlatform::DSA given /home/jashshah/Desktop/Embedded_Lab/HW_SW_Interface/Game_Buttons_RTOS/workspace/Maze_Solver/hw/bd_wrapper.xsa
TRACE::2025-11-24.17:14:52::SCWPlatform::DSA absoulate path /home/jashshah/Desktop/Embedded_Lab/HW_SW_Interface/Game_Buttons_RTOS/workspace/Maze_Solver/hw/bd_wrapper.xsa
TRACE::2025-11-24.17:14:52::SCWPlatform:: Platform location is /home/jashshah/Desktop/Embedded_Lab/HW_SW_Interface/Game_Buttons_RTOS/workspace/Maze_Solver/hw
TRACE::2025-11-24.17:14:52::SCWPlatform:: Platform Path /home/jashshah/Desktop/Embedded_Lab/HW_SW_Interface/Game_Buttons_RTOS/workspace/Maze_Solver/hw/bd_wrapper.xsa
TRACE::2025-11-24.17:14:52::SCWPlatform:: Unique name xilinx:::0.0
TRACE::2025-11-24.17:14:52::SCWPlatform::Removing the HwDB with name /home/jashshah/Desktop/Embedded_Lab/HW_SW_Interface/Game_Buttons_RTOS/workspace/Maze_Solver/hw/bd_wrapper.xsa
TRACE::2025-11-24.17:14:52::SCWPlatform::Trying to open the hw design at /home/jashshah/Desktop/Embedded_Lab/HW_SW_Interface/Game_Buttons_RTOS/workspace/Maze_Solver/hw/bd_wrapper.xsa
TRACE::2025-11-24.17:14:52::SCWPlatform::DSA given /home/jashshah/Desktop/Embedded_Lab/HW_SW_Interface/Game_Buttons_RTOS/workspace/Maze_Solver/hw/bd_wrapper.xsa
TRACE::2025-11-24.17:14:52::SCWPlatform::DSA absoulate path /home/jashshah/Desktop/Embedded_Lab/HW_SW_Interface/Game_Buttons_RTOS/workspace/Maze_Solver/hw/bd_wrapper.xsa
TRACE::2025-11-24.17:14:52::SCWPlatform::DSA directory /home/jashshah/Desktop/Embedded_Lab/HW_SW_Interface/Game_Buttons_RTOS/workspace/Maze_Solver/hw
TRACE::2025-11-24.17:14:52::SCWPlatform:: Platform Path /home/jashshah/Desktop/Embedded_Lab/HW_SW_Interface/Game_Buttons_RTOS/workspace/Maze_Solver/hw/bd_wrapper.xsa
TRACE::2025-11-24.17:14:52::SCWPlatform:: Unique name xilinx:::0.0
TRACE::2025-11-24.17:14:52::SCWPlatform::Do not have an existing db opened. 
TRACE::2025-11-24.17:14:53::SCWPlatform::Opened new HwDB with name bd_wrapper_1
TRACE::2025-11-24.17:14:53::SCWReader::Active system found as  Maze_Solver
TRACE::2025-11-24.17:14:53::SCWReader::Handling sysconfig Maze_Solver
TRACE::2025-11-24.17:14:53::SCWDomain::checking for install qemu data   : 
TRACE::2025-11-24.17:14:53::SCWPlatform::Trying to open the hw design at /home/jashshah/Desktop/Embedded_Lab/HW_SW_Interface/Game_Buttons_RTOS/workspace/Maze_Solver/hw/bd_wrapper.xsa
TRACE::2025-11-24.17:14:53::SCWPlatform::DSA given /home/jashshah/Desktop/Embedded_Lab/HW_SW_Interface/Game_Buttons_RTOS/workspace/Maze_Solver/hw/bd_wrapper.xsa
TRACE::2025-11-24.17:14:53::SCWPlatform::DSA absoulate path /home/jashshah/Desktop/Embedded_Lab/HW_SW_Interface/Game_Buttons_RTOS/workspace/Maze_Solver/hw/bd_wrapper.xsa
TRACE::2025-11-24.17:14:53::SCWPlatform::DSA directory /home/jashshah/Desktop/Embedded_Lab/HW_SW_Interface/Game_Buttons_RTOS/workspace/Maze_Solver/hw
TRACE::2025-11-24.17:14:53::SCWPlatform:: Platform Path /home/jashshah/Desktop/Embedded_Lab/HW_SW_Interface/Game_Buttons_RTOS/workspace/Maze_Solver/hw/bd_wrapper.xsa
TRACE::2025-11-24.17:14:53::SCWPlatform:: Unique name xilinx:::0.0
TRACE::2025-11-24.17:14:53::SCWPlatform::Trying to set the existing hwdb with name bd_wrapper_1
TRACE::2025-11-24.17:14:53::SCWPlatform::Opened existing hwdb bd_wrapper_1
TRACE::2025-11-24.17:14:53::SCWPlatform::Found the Hw Db part of the input DSA
TRACE::2025-11-24.17:14:53::SCWPlatform::Trying to open the hw design at /home/jashshah/Desktop/Embedded_Lab/HW_SW_Interface/Game_Buttons_RTOS/workspace/Maze_Solver/hw/bd_wrapper.xsa
TRACE::2025-11-24.17:14:53::SCWPlatform::DSA given /home/jashshah/Desktop/Embedded_Lab/HW_SW_Interface/Game_Buttons_RTOS/workspace/Maze_Solver/hw/bd_wrapper.xsa
TRACE::2025-11-24.17:14:53::SCWPlatform::DSA absoulate path /home/jashshah/Desktop/Embedded_Lab/HW_SW_Interface/Game_Buttons_RTOS/workspace/Maze_Solver/hw/bd_wrapper.xsa
TRACE::2025-11-24.17:14:53::SCWPlatform::DSA directory /home/jashshah/Desktop/Embedded_Lab/HW_SW_Interface/Game_Buttons_RTOS/workspace/Maze_Solver/hw
TRACE::2025-11-24.17:14:53::SCWPlatform:: Platform Path /home/jashshah/Desktop/Embedded_Lab/HW_SW_Interface/Game_Buttons_RTOS/workspace/Maze_Solver/hw/bd_wrapper.xsa
TRACE::2025-11-24.17:14:53::SCWPlatform:: Unique name xilinx:::0.0
TRACE::2025-11-24.17:14:53::SCWPlatform::Trying to set the existing hwdb with name bd_wrapper_1
TRACE::2025-11-24.17:14:53::SCWPlatform::Opened existing hwdb bd_wrapper_1
TRACE::2025-11-24.17:14:53::SCWPlatform::Found the Hw Db part of the input DSA
TRACE::2025-11-24.17:14:53::SCWPlatform::Trying to open the hw design at /home/jashshah/Desktop/Embedded_Lab/HW_SW_Interface/Game_Buttons_RTOS/workspace/Maze_Solver/hw/bd_wrapper.xsa
TRACE::2025-11-24.17:14:53::SCWPlatform::DSA given /home/jashshah/Desktop/Embedded_Lab/HW_SW_Interface/Game_Buttons_RTOS/workspace/Maze_Solver/hw/bd_wrapper.xsa
TRACE::2025-11-24.17:14:53::SCWPlatform::DSA absoulate path /home/jashshah/Desktop/Embedded_Lab/HW_SW_Interface/Game_Buttons_RTOS/workspace/Maze_Solver/hw/bd_wrapper.xsa
TRACE::2025-11-24.17:14:53::SCWPlatform::DSA directory /home/jashshah/Desktop/Embedded_Lab/HW_SW_Interface/Game_Buttons_RTOS/workspace/Maze_Solver/hw
TRACE::2025-11-24.17:14:53::SCWPlatform:: Platform Path /home/jashshah/Desktop/Embedded_Lab/HW_SW_Interface/Game_Buttons_RTOS/workspace/Maze_Solver/hw/bd_wrapper.xsa
TRACE::2025-11-24.17:14:53::SCWPlatform:: Unique name xilinx:::0.0
TRACE::2025-11-24.17:14:53::SCWPlatform::Trying to set the existing hwdb with name bd_wrapper_1
TRACE::2025-11-24.17:14:53::SCWPlatform::Opened existing hwdb bd_wrapper_1
TRACE::2025-11-24.17:14:53::SCWPlatform::Found the Hw Db part of the input DSA
TRACE::2025-11-24.17:14:53::SCWPlatform::Trying to open the hw design at /home/jashshah/Desktop/Embedded_Lab/HW_SW_Interface/Game_Buttons_RTOS/workspace/Maze_Solver/hw/bd_wrapper.xsa
TRACE::2025-11-24.17:14:53::SCWPlatform::DSA given /home/jashshah/Desktop/Embedded_Lab/HW_SW_Interface/Game_Buttons_RTOS/workspace/Maze_Solver/hw/bd_wrapper.xsa
TRACE::2025-11-24.17:14:53::SCWPlatform::DSA absoulate path /home/jashshah/Desktop/Embedded_Lab/HW_SW_Interface/Game_Buttons_RTOS/workspace/Maze_Solver/hw/bd_wrapper.xsa
TRACE::2025-11-24.17:14:53::SCWPlatform::DSA directory /home/jashshah/Desktop/Embedded_Lab/HW_SW_Interface/Game_Buttons_RTOS/workspace/Maze_Solver/hw
TRACE::2025-11-24.17:14:53::SCWPlatform:: Platform Path /home/jashshah/Desktop/Embedded_Lab/HW_SW_Interface/Game_Buttons_RTOS/workspace/Maze_Solver/hw/bd_wrapper.xsa
TRACE::2025-11-24.17:14:53::SCWPlatform:: Unique name xilinx:::0.0
TRACE::2025-11-24.17:14:53::SCWPlatform::Trying to set the existing hwdb with name bd_wrapper_1
TRACE::2025-11-24.17:14:53::SCWPlatform::Opened existing hwdb bd_wrapper_1
TRACE::2025-11-24.17:14:53::SCWPlatform::Found the Hw Db part of the input DSA
TRACE::2025-11-24.17:14:53::SCWMssOS::Checking the sw design at  /home/jashshah/Desktop/Embedded_Lab/HW_SW_Interface/Game_Buttons_RTOS/workspace/Maze_Solver/microblaze_0/standalone_domain/bsp/system.mss
TRACE::2025-11-24.17:14:53::SCWMssOS::DEBUG:  swdes dump  
TRACE::2025-11-24.17:14:53::SCWMssOS::No sw design opened at  /home/jashshah/Desktop/Embedded_Lab/HW_SW_Interface/Game_Buttons_RTOS/workspace/Maze_Solver/microblaze_0/standalone_domain/bsp/system.mss
TRACE::2025-11-24.17:14:53::SCWMssOS::mss exists loading the mss file  /home/jashshah/Desktop/Embedded_Lab/HW_SW_Interface/Game_Buttons_RTOS/workspace/Maze_Solver/microblaze_0/standalone_domain/bsp/system.mss
TRACE::2025-11-24.17:14:53::SCWMssOS::Opened the sw design from mss  /home/jashshah/Desktop/Embedded_Lab/HW_SW_Interface/Game_Buttons_RTOS/workspace/Maze_Solver/microblaze_0/standalone_domain/bsp/system.mss
TRACE::2025-11-24.17:14:53::SCWMssOS::Adding the swdes entry /home/jashshah/Desktop/Embedded_Lab/HW_SW_Interface/Game_Buttons_RTOS/workspace/Maze_Solver/microblaze_0/standalone_domain/bsp/system.mss with des name system
TRACE::2025-11-24.17:14:53::SCWMssOS::updating the scw layer about changes
TRACE::2025-11-24.17:14:53::SCWMssOS::Opened the sw design.  /home/jashshah/Desktop/Embedded_Lab/HW_SW_Interface/Game_Buttons_RTOS/workspace/Maze_Solver/microblaze_0/standalone_domain/bsp/system.mss
TRACE::2025-11-24.17:14:53::SCWMssOS::Saving the mss changes /home/jashshah/Desktop/Embedded_Lab/HW_SW_Interface/Game_Buttons_RTOS/workspace/Maze_Solver/microblaze_0/standalone_domain/bsp/system.mss
TRACE::2025-11-24.17:14:53::SCWMssOS::Found a swdesign opened with the mssfile.
TRACE::2025-11-24.17:14:53::SCWMssOS::Completed writemss as part of save.
TRACE::2025-11-24.17:14:53::SCWMssOS::Commit changes completed.
TRACE::2025-11-24.17:14:53::SCWReader::Adding prebuilt librarypaths as   
TRACE::2025-11-24.17:14:53::SCWReader::Adding prebuilt incpaths  as   
TRACE::2025-11-24.17:14:53::SCWPlatform::Trying to open the hw design at /home/jashshah/Desktop/Embedded_Lab/HW_SW_Interface/Game_Buttons_RTOS/workspace/Maze_Solver/hw/bd_wrapper.xsa
TRACE::2025-11-24.17:14:53::SCWPlatform::DSA given /home/jashshah/Desktop/Embedded_Lab/HW_SW_Interface/Game_Buttons_RTOS/workspace/Maze_Solver/hw/bd_wrapper.xsa
TRACE::2025-11-24.17:14:53::SCWPlatform::DSA absoulate path /home/jashshah/Desktop/Embedded_Lab/HW_SW_Interface/Game_Buttons_RTOS/workspace/Maze_Solver/hw/bd_wrapper.xsa
TRACE::2025-11-24.17:14:53::SCWPlatform::DSA directory /home/jashshah/Desktop/Embedded_Lab/HW_SW_Interface/Game_Buttons_RTOS/workspace/Maze_Solver/hw
TRACE::2025-11-24.17:14:53::SCWPlatform:: Platform Path /home/jashshah/Desktop/Embedded_Lab/HW_SW_Interface/Game_Buttons_RTOS/workspace/Maze_Solver/hw/bd_wrapper.xsa
TRACE::2025-11-24.17:14:53::SCWPlatform:: Unique name xilinx:::0.0
TRACE::2025-11-24.17:14:53::SCWPlatform::Trying to set the existing hwdb with name bd_wrapper_1
TRACE::2025-11-24.17:14:53::SCWPlatform::Opened existing hwdb bd_wrapper_1
TRACE::2025-11-24.17:14:53::SCWPlatform::Found the Hw Db part of the input DSA
TRACE::2025-11-24.17:14:53::SCWMssOS::Checking the sw design at  /home/jashshah/Desktop/Embedded_Lab/HW_SW_Interface/Game_Buttons_RTOS/workspace/Maze_Solver/microblaze_0/standalone_domain/bsp/system.mss
TRACE::2025-11-24.17:14:53::SCWMssOS::DEBUG:  swdes dump  /home/jashshah/Desktop/Embedded_Lab/HW_SW_Interface/Game_Buttons_RTOS/workspace/Maze_Solver/microblaze_0/standalone_domain/bsp/system.mss|system||

TRACE::2025-11-24.17:14:53::SCWMssOS::Sw design exists and opened at  /home/jashshah/Desktop/Embedded_Lab/HW_SW_Interface/Game_Buttons_RTOS/workspace/Maze_Solver/microblaze_0/standalone_domain/bsp/system.mss
TRACE::2025-11-24.17:14:53::SCWReader::No isolation master present  
LOG::2025-11-24.17:15:39::SCWPlatform::Started generating the artifacts platform Maze_Solver
TRACE::2025-11-24.17:15:39::SCWPlatform::Sanity checking of platform is completed
LOG::2025-11-24.17:15:39::SCWPlatform::Started generating the artifacts for system configuration Maze_Solver
LOG::2025-11-24.17:15:39::SCWSystem::Checking the domain standalone_domain
LOG::2025-11-24.17:15:39::SCWSystem::Not a boot domain 
LOG::2025-11-24.17:15:40::SCWSystem::Started Processing the domain standalone_domain
TRACE::2025-11-24.17:15:40::SCWDomain::Generating domain artifcats
TRACE::2025-11-24.17:15:40::SCWMssOS::Generating standalone artifcats
TRACE::2025-11-24.17:15:40::SCWMssOS:: Copying the user libraries. 
TRACE::2025-11-24.17:15:40::SCWPlatform::Trying to open the hw design at /home/jashshah/Desktop/Embedded_Lab/HW_SW_Interface/Game_Buttons_RTOS/workspace/Maze_Solver/hw/bd_wrapper.xsa
TRACE::2025-11-24.17:15:40::SCWPlatform::DSA given /home/jashshah/Desktop/Embedded_Lab/HW_SW_Interface/Game_Buttons_RTOS/workspace/Maze_Solver/hw/bd_wrapper.xsa
TRACE::2025-11-24.17:15:40::SCWPlatform::DSA absoulate path /home/jashshah/Desktop/Embedded_Lab/HW_SW_Interface/Game_Buttons_RTOS/workspace/Maze_Solver/hw/bd_wrapper.xsa
TRACE::2025-11-24.17:15:40::SCWPlatform::DSA directory /home/jashshah/Desktop/Embedded_Lab/HW_SW_Interface/Game_Buttons_RTOS/workspace/Maze_Solver/hw
TRACE::2025-11-24.17:15:40::SCWPlatform:: Platform Path /home/jashshah/Desktop/Embedded_Lab/HW_SW_Interface/Game_Buttons_RTOS/workspace/Maze_Solver/hw/bd_wrapper.xsa
TRACE::2025-11-24.17:15:40::SCWPlatform:: Unique name xilinx:::0.0
TRACE::2025-11-24.17:15:40::SCWPlatform::Trying to set the existing hwdb with name bd_wrapper_1
TRACE::2025-11-24.17:15:40::SCWPlatform::Opened existing hwdb bd_wrapper_1
TRACE::2025-11-24.17:15:40::SCWPlatform::Found the Hw Db part of the input DSA
TRACE::2025-11-24.17:15:40::SCWMssOS::Checking the sw design at  /home/jashshah/Desktop/Embedded_Lab/HW_SW_Interface/Game_Buttons_RTOS/workspace/Maze_Solver/microblaze_0/standalone_domain/bsp/system.mss
TRACE::2025-11-24.17:15:40::SCWMssOS::DEBUG:  swdes dump  /home/jashshah/Desktop/Embedded_Lab/HW_SW_Interface/Game_Buttons_RTOS/workspace/Maze_Solver/microblaze_0/standalone_domain/bsp/system.mss|system||

TRACE::2025-11-24.17:15:40::SCWMssOS::Sw design exists and opened at  /home/jashshah/Desktop/Embedded_Lab/HW_SW_Interface/Game_Buttons_RTOS/workspace/Maze_Solver/microblaze_0/standalone_domain/bsp/system.mss
TRACE::2025-11-24.17:15:40::SCWMssOS::Completed writing the mss file at /home/jashshah/Desktop/Embedded_Lab/HW_SW_Interface/Game_Buttons_RTOS/workspace/Maze_Solver/microblaze_0/standalone_domain/bsp
TRACE::2025-11-24.17:15:40::SCWMssOS::Mss edits present, copying mssfile into export location /home/jashshah/Desktop/Embedded_Lab/HW_SW_Interface/Game_Buttons_RTOS/workspace/Maze_Solver/microblaze_0/standalone_domain/bsp/system.mss
TRACE::2025-11-24.17:15:40::SCWMssOS::bsp generated is upto date with the mss file. Skipping bsp generation.
TRACE::2025-11-24.17:15:40::SCWMssOS::BSP is already built. skipping the bsp build ... 
TRACE::2025-11-24.17:15:40::SCWDomain::Building the domain as part of full build :  standalone_domain
TRACE::2025-11-24.17:15:40::SCWMssOS::doing bsp build ... 
TRACE::2025-11-24.17:15:40::SCWMssOS::System Command Ran  cd  /home/jashshah/Desktop/Embedded_Lab/HW_SW_Interface/Game_Buttons_RTOS/workspace/Maze_Solver/microblaze_0/standalone_domain/bsp ; bash -c "make  " 
TRACE::2025-11-24.17:15:40::SCWMssOS::make --no-print-directory seq_libs

TRACE::2025-11-24.17:15:40::SCWMssOS::Finished building libraries sequentially.

TRACE::2025-11-24.17:15:40::SCWMssOS::make -j 26 --no-print-directory par_libs

TRACE::2025-11-24.17:15:40::SCWMssOS::Running Make include in microblaze_0/libsrc/standalone_v7_7/src

TRACE::2025-11-24.17:15:40::SCWMssOS::make -C microblaze_0/libsrc/standalone_v7_7/src -s include  "SHELL=/bin/sh" "COMPILER=mb-gcc" "ASSEMBLER=mb-as" "ARCHIVER=mb-ar
TRACE::2025-11-24.17:15:40::SCWMssOS::" "COMPILER_FLAGS=  -O2 -c -mcpu=v11.0 -mhard-float -mlittle-endian -mno-xl-soft-div -mno-xl-soft-mul -mxl-barrel-shift" "EXTRA
TRACE::2025-11-24.17:15:40::SCWMssOS::_COMPILER_FLAGS=-g -ffunction-sections -fdata-sections -Wall -Wextra -fno-tree-loop-distribute-patterns"

TRACE::2025-11-24.17:15:40::SCWMssOS::Running Make include in microblaze_0/libsrc/intc_v3_14/src

TRACE::2025-11-24.17:15:40::SCWMssOS::make -C microblaze_0/libsrc/intc_v3_14/src -s include  "SHELL=/bin/sh" "COMPILER=mb-gcc" "ASSEMBLER=mb-as" "ARCHIVER=mb-ar" "CO
TRACE::2025-11-24.17:15:40::SCWMssOS::MPILER_FLAGS=  -O2 -c -mcpu=v11.0 -mhard-float -mlittle-endian -mno-xl-soft-div -mno-xl-soft-mul -mxl-barrel-shift" "EXTRA_COMP
TRACE::2025-11-24.17:15:40::SCWMssOS::ILER_FLAGS=-g -ffunction-sections -fdata-sections -Wall -Wextra -fno-tree-loop-distribute-patterns"

TRACE::2025-11-24.17:15:40::SCWMssOS::Running Make include in microblaze_0/libsrc/spi_v4_9/src

TRACE::2025-11-24.17:15:40::SCWMssOS::make -C microblaze_0/libsrc/spi_v4_9/src -s include  "SHELL=/bin/sh" "COMPILER=mb-gcc" "ASSEMBLER=mb-as" "ARCHIVER=mb-ar" "COMP
TRACE::2025-11-24.17:15:40::SCWMssOS::ILER_FLAGS=  -O2 -c -mcpu=v11.0 -mhard-float -mlittle-endian -mno-xl-soft-div -mno-xl-soft-mul -mxl-barrel-shift" "EXTRA_COMPIL
TRACE::2025-11-24.17:15:40::SCWMssOS::ER_FLAGS=-g -ffunction-sections -fdata-sections -Wall -Wextra -fno-tree-loop-distribute-patterns"

TRACE::2025-11-24.17:15:40::SCWMssOS::Running Make include in microblaze_0/libsrc/uartlite_v3_7/src

TRACE::2025-11-24.17:15:40::SCWMssOS::make -C microblaze_0/libsrc/uartlite_v3_7/src -s include  "SHELL=/bin/sh" "COMPILER=mb-gcc" "ASSEMBLER=mb-as" "ARCHIVER=mb-ar" 
TRACE::2025-11-24.17:15:40::SCWMssOS::"COMPILER_FLAGS=  -O2 -c -mcpu=v11.0 -mhard-float -mlittle-endian -mno-xl-soft-div -mno-xl-soft-mul -mxl-barrel-shift" "EXTRA_C
TRACE::2025-11-24.17:15:40::SCWMssOS::OMPILER_FLAGS=-g -ffunction-sections -fdata-sections -Wall -Wextra -fno-tree-loop-distribute-patterns"

TRACE::2025-11-24.17:15:40::SCWMssOS::Running Make include in microblaze_0/libsrc/bram_v4_7/src

TRACE::2025-11-24.17:15:40::SCWMssOS::make -C microblaze_0/libsrc/bram_v4_7/src -s include  "SHELL=/bin/sh" "COMPILER=mb-gcc" "ASSEMBLER=mb-as" "ARCHIVER=mb-ar" "COM
TRACE::2025-11-24.17:15:40::SCWMssOS::PILER_FLAGS=  -O2 -c -mcpu=v11.0 -mhard-float -mlittle-endian -mno-xl-soft-div -mno-xl-soft-mul -mxl-barrel-shift" "EXTRA_COMPI
TRACE::2025-11-24.17:15:40::SCWMssOS::LER_FLAGS=-g -ffunction-sections -fdata-sections -Wall -Wextra -fno-tree-loop-distribute-patterns"

TRACE::2025-11-24.17:15:40::SCWMssOS::Running Make include in microblaze_0/libsrc/gpio_v4_9/src

TRACE::2025-11-24.17:15:40::SCWMssOS::make -C microblaze_0/libsrc/gpio_v4_9/src -s include  "SHELL=/bin/sh" "COMPILER=mb-gcc" "ASSEMBLER=mb-as" "ARCHIVER=mb-ar" "COM
TRACE::2025-11-24.17:15:40::SCWMssOS::PILER_FLAGS=  -O2 -c -mcpu=v11.0 -mhard-float -mlittle-endian -mno-xl-soft-div -mno-xl-soft-mul -mxl-barrel-shift" "EXTRA_COMPI
TRACE::2025-11-24.17:15:40::SCWMssOS::LER_FLAGS=-g -ffunction-sections -fdata-sections -Wall -Wextra -fno-tree-loop-distribute-patterns"

TRACE::2025-11-24.17:15:40::SCWMssOS::Running Make include in microblaze_0/libsrc/tmrctr_v4_9/src

TRACE::2025-11-24.17:15:40::SCWMssOS::Running Make include in microblaze_0/libsrc/cpu_v2_15/src

TRACE::2025-11-24.17:15:40::SCWMssOS::make -C microblaze_0/libsrc/tmrctr_v4_9/src -s include  "SHELL=/bin/sh" "COMPILER=mb-gcc" "ASSEMBLER=mb-as" "ARCHIVER=mb-ar" "C
TRACE::2025-11-24.17:15:40::SCWMssOS::OMPILER_FLAGS=  -O2 -c -mcpu=v11.0 -mhard-float -mlittle-endian -mno-xl-soft-div -mno-xl-soft-mul -mxl-barrel-shift" "EXTRA_COM
TRACE::2025-11-24.17:15:40::SCWMssOS::PILER_FLAGS=-g -ffunction-sections -fdata-sections -Wall -Wextra -fno-tree-loop-distribute-patterns"

TRACE::2025-11-24.17:15:40::SCWMssOS::make -C microblaze_0/libsrc/cpu_v2_15/src -s include  "SHELL=/bin/sh" "COMPILER=mb-gcc" "ASSEMBLER=mb-as" "ARCHIVER=mb-ar" "COM
TRACE::2025-11-24.17:15:40::SCWMssOS::PILER_FLAGS=  -O2 -c -mcpu=v11.0 -mhard-float -mlittle-endian -mno-xl-soft-div -mno-xl-soft-mul -mxl-barrel-shift" "EXTRA_COMPI
TRACE::2025-11-24.17:15:40::SCWMssOS::LER_FLAGS=-g -ffunction-sections -fdata-sections -Wall -Wextra -fno-tree-loop-distribute-patterns"

TRACE::2025-11-24.17:15:40::SCWMssOS::Running Make libs in microblaze_0/libsrc/standalone_v7_7/src

TRACE::2025-11-24.17:15:40::SCWMssOS::make -C microblaze_0/libsrc/standalone_v7_7/src -s libs  "SHELL=/bin/sh" "COMPILER=mb-gcc" "ASSEMBLER=mb-as" "ARCHIVER=mb-ar" "
TRACE::2025-11-24.17:15:40::SCWMssOS::COMPILER_FLAGS=  -O2 -c -mcpu=v11.0 -mhard-float -mlittle-endian -mno-xl-soft-div -mno-xl-soft-mul -mxl-barrel-shift" "EXTRA_CO
TRACE::2025-11-24.17:15:40::SCWMssOS::MPILER_FLAGS=-g -ffunction-sections -fdata-sections -Wall -Wextra -fno-tree-loop-distribute-patterns"

TRACE::2025-11-24.17:15:40::SCWMssOS::Running Make libs in microblaze_0/libsrc/intc_v3_14/src

TRACE::2025-11-24.17:15:40::SCWMssOS::Running Make libs in microblaze_0/libsrc/spi_v4_9/src

TRACE::2025-11-24.17:15:40::SCWMssOS::make -C microblaze_0/libsrc/intc_v3_14/src -s libs  "SHELL=/bin/sh" "COMPILER=mb-gcc" "ASSEMBLER=mb-as" "ARCHIVER=mb-ar" "COMPI
TRACE::2025-11-24.17:15:40::SCWMssOS::LER_FLAGS=  -O2 -c -mcpu=v11.0 -mhard-float -mlittle-endian -mno-xl-soft-div -mno-xl-soft-mul -mxl-barrel-shift" "EXTRA_COMPILE
TRACE::2025-11-24.17:15:40::SCWMssOS::R_FLAGS=-g -ffunction-sections -fdata-sections -Wall -Wextra -fno-tree-loop-distribute-patterns"

TRACE::2025-11-24.17:15:40::SCWMssOS::make -C microblaze_0/libsrc/spi_v4_9/src -s libs  "SHELL=/bin/sh" "COMPILER=mb-gcc" "ASSEMBLER=mb-as" "ARCHIVER=mb-ar" "COMPILE
TRACE::2025-11-24.17:15:40::SCWMssOS::R_FLAGS=  -O2 -c -mcpu=v11.0 -mhard-float -mlittle-endian -mno-xl-soft-div -mno-xl-soft-mul -mxl-barrel-shift" "EXTRA_COMPILER_
TRACE::2025-11-24.17:15:40::SCWMssOS::FLAGS=-g -ffunction-sections -fdata-sections -Wall -Wextra -fno-tree-loop-distribute-patterns"

TRACE::2025-11-24.17:15:40::SCWMssOS::Running Make libs in microblaze_0/libsrc/uartlite_v3_7/src

TRACE::2025-11-24.17:15:41::SCWMssOS::Running Make libs in microblaze_0/libsrc/bram_v4_7/src

TRACE::2025-11-24.17:15:41::SCWMssOS::make -C microblaze_0/libsrc/uartlite_v3_7/src -s libs  "SHELL=/bin/sh" "COMPILER=mb-gcc" "ASSEMBLER=mb-as" "ARCHIVER=mb-ar" "CO
TRACE::2025-11-24.17:15:41::SCWMssOS::MPILER_FLAGS=  -O2 -c -mcpu=v11.0 -mhard-float -mlittle-endian -mno-xl-soft-div -mno-xl-soft-mul -mxl-barrel-shift" "EXTRA_COMP
TRACE::2025-11-24.17:15:41::SCWMssOS::ILER_FLAGS=-g -ffunction-sections -fdata-sections -Wall -Wextra -fno-tree-loop-distribute-patterns"

TRACE::2025-11-24.17:15:41::SCWMssOS::make -C microblaze_0/libsrc/bram_v4_7/src -s libs  "SHELL=/bin/sh" "COMPILER=mb-gcc" "ASSEMBLER=mb-as" "ARCHIVER=mb-ar" "COMPIL
TRACE::2025-11-24.17:15:41::SCWMssOS::ER_FLAGS=  -O2 -c -mcpu=v11.0 -mhard-float -mlittle-endian -mno-xl-soft-div -mno-xl-soft-mul -mxl-barrel-shift" "EXTRA_COMPILER
TRACE::2025-11-24.17:15:41::SCWMssOS::_FLAGS=-g -ffunction-sections -fdata-sections -Wall -Wextra -fno-tree-loop-distribute-patterns"

TRACE::2025-11-24.17:15:41::SCWMssOS::Running Make libs in microblaze_0/libsrc/gpio_v4_9/src

TRACE::2025-11-24.17:15:41::SCWMssOS::make -C microblaze_0/libsrc/gpio_v4_9/src -s libs  "SHELL=/bin/sh" "COMPILER=mb-gcc" "ASSEMBLER=mb-as" "ARCHIVER=mb-ar" "COMPIL
TRACE::2025-11-24.17:15:41::SCWMssOS::ER_FLAGS=  -O2 -c -mcpu=v11.0 -mhard-float -mlittle-endian -mno-xl-soft-div -mno-xl-soft-mul -mxl-barrel-shift" "EXTRA_COMPILER
TRACE::2025-11-24.17:15:41::SCWMssOS::_FLAGS=-g -ffunction-sections -fdata-sections -Wall -Wextra -fno-tree-loop-distribute-patterns"

TRACE::2025-11-24.17:15:41::SCWMssOS::Running Make libs in microblaze_0/libsrc/tmrctr_v4_9/src

TRACE::2025-11-24.17:15:41::SCWMssOS::make -C microblaze_0/libsrc/tmrctr_v4_9/src -s libs  "SHELL=/bin/sh" "COMPILER=mb-gcc" "ASSEMBLER=mb-as" "ARCHIVER=mb-ar" "COMP
TRACE::2025-11-24.17:15:41::SCWMssOS::ILER_FLAGS=  -O2 -c -mcpu=v11.0 -mhard-float -mlittle-endian -mno-xl-soft-div -mno-xl-soft-mul -mxl-barrel-shift" "EXTRA_COMPIL
TRACE::2025-11-24.17:15:41::SCWMssOS::ER_FLAGS=-g -ffunction-sections -fdata-sections -Wall -Wextra -fno-tree-loop-distribute-patterns"

TRACE::2025-11-24.17:15:41::SCWMssOS::Running Make libs in microblaze_0/libsrc/cpu_v2_15/src

TRACE::2025-11-24.17:15:41::SCWMssOS::make -C microblaze_0/libsrc/cpu_v2_15/src -s libs  "SHELL=/bin/sh" "COMPILER=mb-gcc" "ASSEMBLER=mb-as" "ARCHIVER=mb-ar" "COMPIL
TRACE::2025-11-24.17:15:41::SCWMssOS::ER_FLAGS=  -O2 -c -mcpu=v11.0 -mhard-float -mlittle-endian -mno-xl-soft-div -mno-xl-soft-mul -mxl-barrel-shift" "EXTRA_COMPILER
TRACE::2025-11-24.17:15:41::SCWMssOS::_FLAGS=-g -ffunction-sections -fdata-sections -Wall -Wextra -fno-tree-loop-distribute-patterns"

TRACE::2025-11-24.17:15:42::SCWMssOS::DEBUG NON_LTO_OBJECTS is ../../../lib/microblaze_interrupt_handler.o

TRACE::2025-11-24.17:15:42::SCWMssOS::Finished building libraries parallelly.

TRACE::2025-11-24.17:15:42::SCWMssOS::make --no-print-directory archive

TRACE::2025-11-24.17:15:42::SCWMssOS::mb-ar -r  microblaze_0/lib/libxil.a microblaze_0/lib/xtmrctr_selftest.o microblaze_0/lib/microblaze_invalidate_icache_range.o m
TRACE::2025-11-24.17:15:42::SCWMssOS::icroblaze_0/lib/xuartlite_intr.o microblaze_0/lib/xtmrctr_sinit.o microblaze_0/lib/xintc_l.o microblaze_0/lib/microblaze_enable
TRACE::2025-11-24.17:15:42::SCWMssOS::_dcache.o microblaze_0/lib/xtmrctr_g.o microblaze_0/lib/xil_mem.o microblaze_0/lib/microblaze_enable_exceptions.o microblaze_0/
TRACE::2025-11-24.17:15:42::SCWMssOS::lib/microblaze_interrupts_g.o microblaze_0/lib/xbram_g.o microblaze_0/lib/xil_testcache.o microblaze_0/lib/xintc_intr.o microbl
TRACE::2025-11-24.17:15:42::SCWMssOS::aze_0/lib/xuartlite_selftest.o microblaze_0/lib/microblaze_selftest.o microblaze_0/lib/hw_exception_handler.o microblaze_0/lib/
TRACE::2025-11-24.17:15:42::SCWMssOS::xuartlite_sinit.o microblaze_0/lib/xgpio_selftest.o microblaze_0/lib/microblaze_invalidate_cache_ext.o microblaze_0/lib/xuartli
TRACE::2025-11-24.17:15:42::SCWMssOS::te_g.o microblaze_0/lib/microblaze_invalidate_dcache_range.o microblaze_0/lib/xgpio_intr.o microblaze_0/lib/xspi_options.o micr
TRACE::2025-11-24.17:15:42::SCWMssOS::oblaze_0/lib/xintc_selftest.o microblaze_0/lib/xio.o microblaze_0/lib/xil_printf.o microblaze_0/lib/xil_sleepcommon.o microblaz
TRACE::2025-11-24.17:15:42::SCWMssOS::e_0/lib/microblaze_exception_handler.o microblaze_0/lib/xintc_options.o microblaze_0/lib/xtmrctr.o microblaze_0/lib/xspi.o micr
TRACE::2025-11-24.17:15:42::SCWMssOS::oblaze_0/lib/microblaze_flush_cache_ext_range.o microblaze_0/lib/xgpio_sinit.o microblaze_0/lib/microblaze_sleep.o microblaze_0
TRACE::2025-11-24.17:15:42::SCWMssOS::/lib/xgpio_g.o microblaze_0/lib/microblaze_disable_icache.o microblaze_0/lib/xintc_g.o microblaze_0/lib/microblaze_interrupt_ha
TRACE::2025-11-24.17:15:42::SCWMssOS::ndler.o microblaze_0/lib/xbram_selftest.o microblaze_0/lib/microblaze_disable_interrupts.o microblaze_0/lib/microblaze_invalida
TRACE::2025-11-24.17:15:42::SCWMssOS::te_dcache.o microblaze_0/lib/pvr.o microblaze_0/lib/xinterrupt_wrap.o microblaze_0/lib/xbram_sinit.o microblaze_0/lib/inbyte.o 
TRACE::2025-11-24.17:15:42::SCWMssOS::microblaze_0/lib/xil_util.o microblaze_0/lib/xil_cache.o microblaze_0/lib/xtmrctr_l.o microblaze_0/lib/xspi_selftest.o microbla
TRACE::2025-11-24.17:15:42::SCWMssOS::ze_0/lib/xil_misc_psreset_api.o microblaze_0/lib/xspi_sinit.o microblaze_0/lib/microblaze_update_dcache.o microblaze_0/lib/micr
TRACE::2025-11-24.17:15:42::SCWMssOS::oblaze_flush_cache_ext.o microblaze_0/lib/xspi_g.o microblaze_0/lib/microblaze_flush_dcache_range.o microblaze_0/lib/microblaze
TRACE::2025-11-24.17:15:42::SCWMssOS::_enable_icache.o microblaze_0/lib/microblaze_disable_dcache.o microblaze_0/lib/_exit.o microblaze_0/lib/xtmrctr_options.o micro
TRACE::2025-11-24.17:15:42::SCWMssOS::blaze_0/lib/print.o microblaze_0/lib/microblaze_disable_exceptions.o microblaze_0/lib/xuartlite.o microblaze_0/lib/xplatform_in
TRACE::2025-11-24.17:15:42::SCWMssOS::fo.o microblaze_0/lib/outbyte.o microblaze_0/lib/fcntl.o microblaze_0/lib/microblaze_init_icache_range.o microblaze_0/lib/xil_t
TRACE::2025-11-24.17:15:42::SCWMssOS::estio.o microblaze_0/lib/xbram_intr.o microblaze_0/lib/xtmrctr_stats.o microblaze_0/lib/xbram.o microblaze_0/lib/xintc.o microb
TRACE::2025-11-24.17:15:42::SCWMssOS::laze_0/lib/xgpio_extra.o microblaze_0/lib/microblaze_enable_interrupts.o microblaze_0/lib/xspi_stats.o microblaze_0/lib/xil_ass
TRACE::2025-11-24.17:15:42::SCWMssOS::ert.o microblaze_0/lib/xil_clocking.o microblaze_0/lib/microblaze_flush_dcache.o microblaze_0/lib/microblaze_update_icache.o mi
TRACE::2025-11-24.17:15:42::SCWMssOS::croblaze_0/lib/xil_testmem.o microblaze_0/lib/xgpio.o microblaze_0/lib/xil_exception.o microblaze_0/lib/microblaze_scrub.o micr
TRACE::2025-11-24.17:15:42::SCWMssOS::oblaze_0/lib/microblaze_invalidate_cache_ext_range.o microblaze_0/lib/xuartlite_stats.o microblaze_0/lib/xuartlite_l.o microbla
TRACE::2025-11-24.17:15:42::SCWMssOS::ze_0/lib/errno.o microblaze_0/lib/microblaze_invalidate_icache.o microblaze_0/lib/microblaze_init_dcache_range.o microblaze_0/l
TRACE::2025-11-24.17:15:42::SCWMssOS::ib/xtmrctr_intr.o

TRACE::2025-11-24.17:15:42::SCWMssOS::Finished building libraries

TRACE::2025-11-24.17:15:45::SCWMssOS::Copying to export directory.
TRACE::2025-11-24.17:15:49::SCWMssOS:: Checking if to create the Supporting Applications
TRACE::2025-11-24.17:15:49::SCWMssOS:: No Linux domain exists, trying to generate FSBL 
LOG::2025-11-24.17:15:49::SCWSystem::Completed Processing the domain standalone_domain
LOG::2025-11-24.17:15:49::SCWSystem::Completed Processing the sysconfig Maze_Solver
LOG::2025-11-24.17:15:49::SCWPlatform::Completed generating the artifacts for system configuration Maze_Solver
TRACE::2025-11-24.17:15:49::SCWPlatform::Started preparing the platform 
TRACE::2025-11-24.17:15:49::SCWSystem::Writing the bif file for system config Maze_Solver
TRACE::2025-11-24.17:15:49::SCWSystem::dir created 
TRACE::2025-11-24.17:15:49::SCWSystem::Writing the bif 
TRACE::2025-11-24.17:15:49::SCWPlatform::Started writing the spfm file 
TRACE::2025-11-24.17:15:49::SCWPlatform::Started writing the xpfm file 
TRACE::2025-11-24.17:15:49::SCWPlatform::Completed generating the platform
TRACE::2025-11-24.17:15:49::SCWMssOS::Saving the mss changes /home/jashshah/Desktop/Embedded_Lab/HW_SW_Interface/Game_Buttons_RTOS/workspace/Maze_Solver/microblaze_0/standalone_domain/bsp/system.mss
TRACE::2025-11-24.17:15:49::SCWMssOS::Found a swdesign opened with the mssfile.
TRACE::2025-11-24.17:15:49::SCWMssOS::Completed writemss as part of save.
TRACE::2025-11-24.17:15:49::SCWMssOS::Commit changes completed.
TRACE::2025-11-24.17:15:49::SCWPlatform::Trying to open the hw design at /home/jashshah/Desktop/Embedded_Lab/HW_SW_Interface/Game_Buttons_RTOS/workspace/Maze_Solver/hw/bd_wrapper.xsa
TRACE::2025-11-24.17:15:49::SCWPlatform::DSA given /home/jashshah/Desktop/Embedded_Lab/HW_SW_Interface/Game_Buttons_RTOS/workspace/Maze_Solver/hw/bd_wrapper.xsa
TRACE::2025-11-24.17:15:49::SCWPlatform::DSA absoulate path /home/jashshah/Desktop/Embedded_Lab/HW_SW_Interface/Game_Buttons_RTOS/workspace/Maze_Solver/hw/bd_wrapper.xsa
TRACE::2025-11-24.17:15:49::SCWPlatform::DSA directory /home/jashshah/Desktop/Embedded_Lab/HW_SW_Interface/Game_Buttons_RTOS/workspace/Maze_Solver/hw
TRACE::2025-11-24.17:15:49::SCWPlatform:: Platform Path /home/jashshah/Desktop/Embedded_Lab/HW_SW_Interface/Game_Buttons_RTOS/workspace/Maze_Solver/hw/bd_wrapper.xsa
TRACE::2025-11-24.17:15:49::SCWPlatform:: Unique name xilinx:::0.0
TRACE::2025-11-24.17:15:49::SCWPlatform::Trying to set the existing hwdb with name bd_wrapper_1
TRACE::2025-11-24.17:15:49::SCWPlatform::Opened existing hwdb bd_wrapper_1
TRACE::2025-11-24.17:15:49::SCWPlatform::Found the Hw Db part of the input DSA
TRACE::2025-11-24.17:15:49::SCWMssOS::Checking the sw design at  /home/jashshah/Desktop/Embedded_Lab/HW_SW_Interface/Game_Buttons_RTOS/workspace/Maze_Solver/microblaze_0/standalone_domain/bsp/system.mss
TRACE::2025-11-24.17:15:49::SCWMssOS::DEBUG:  swdes dump  /home/jashshah/Desktop/Embedded_Lab/HW_SW_Interface/Game_Buttons_RTOS/workspace/Maze_Solver/microblaze_0/standalone_domain/bsp/system.mss|system||

TRACE::2025-11-24.17:15:49::SCWMssOS::Sw design exists and opened at  /home/jashshah/Desktop/Embedded_Lab/HW_SW_Interface/Game_Buttons_RTOS/workspace/Maze_Solver/microblaze_0/standalone_domain/bsp/system.mss
TRACE::2025-11-24.17:15:49::SCWWriter::formatted JSON is {
	"platformName":	"Maze_Solver",
	"sprVersion":	"2.0",
	"mode":	"gui",
	"dsaType":	"Fixed",
	"platformDesc":	"Maze_Solver",
	"platHandOff":	"/home/jashshah/Desktop/Embedded_Lab/HW_SW_Interface/Game_Buttons_RTOS/bd_wrapper.xsa",
	"platIntHandOff":	"<platformDir>/hw/bd_wrapper.xsa",
	"deviceType":	"FPGA",
	"platIsPrebuiltAutogen":	"false",
	"platIsNoBootBsp":	"false",
	"hasFsblMakeHasChanges":	"false",
	"hasPmufwMakeHasChanges":	"false",
	"platPreBuiltFlag":	false,
	"platformSamplesDir":	"",
	"platActiveSys":	"Maze_Solver",
	"systems":	[{
			"systemName":	"Maze_Solver",
			"systemDesc":	"Maze_Solver",
			"sysIsBootAutoGen":	"true",
			"systemDispName":	"Maze_Solver",
			"sysActiveDom":	"standalone_domain",
			"sysDefaultDom":	"standalone_domain",
			"domains":	[{
					"domainName":	"standalone_domain",
					"domainDispName":	"standalone on microblaze_0",
					"domainDesc":	"standalone_domain",
					"processors":	"microblaze_0",
					"os":	"standalone",
					"sdxOs":	"standalone",
					"debugEnable":	"False",
					"domRuntimes":	["cpp"],
					"swRepo":	"",
					"mssOsVer":	"7.7",
					"mssFile":	"",
					"md5Digest":	"b01652c0d3c342c74bfac30f11e4c2cb",
					"compatibleApp":	"",
					"domType":	"mssDomain",
					"arch":	"32-bit",
					"appSettings":	{
						"appCompilerFlags":	"",
						"appLinkerFlags":	""
					},
					"addedLibs":	[],
					"libOptions":	{
						"libsContainingOptions":	[]
					},
					"prebuiltLibs":	{
						"prebuiltIncPath":	[],
						"prebuiltLibPath":	[]
					},
					"isolation":	{
					}
				}]
		}]
}
KEYINFO::2025-11-24.17:15:49::SCWPlatform::updated the xpfm file.
TRACE::2025-11-24.17:15:49::SCWPlatform::Trying to open the hw design at /home/jashshah/Desktop/Embedded_Lab/HW_SW_Interface/Game_Buttons_RTOS/workspace/Maze_Solver/hw/bd_wrapper.xsa
TRACE::2025-11-24.17:15:49::SCWPlatform::DSA given /home/jashshah/Desktop/Embedded_Lab/HW_SW_Interface/Game_Buttons_RTOS/workspace/Maze_Solver/hw/bd_wrapper.xsa
TRACE::2025-11-24.17:15:49::SCWPlatform::DSA absoulate path /home/jashshah/Desktop/Embedded_Lab/HW_SW_Interface/Game_Buttons_RTOS/workspace/Maze_Solver/hw/bd_wrapper.xsa
TRACE::2025-11-24.17:15:49::SCWPlatform::DSA directory /home/jashshah/Desktop/Embedded_Lab/HW_SW_Interface/Game_Buttons_RTOS/workspace/Maze_Solver/hw
TRACE::2025-11-24.17:15:49::SCWPlatform:: Platform Path /home/jashshah/Desktop/Embedded_Lab/HW_SW_Interface/Game_Buttons_RTOS/workspace/Maze_Solver/hw/bd_wrapper.xsa
TRACE::2025-11-24.17:15:49::SCWPlatform:: Unique name xilinx:::0.0
TRACE::2025-11-24.17:15:49::SCWPlatform::Trying to set the existing hwdb with name bd_wrapper_1
TRACE::2025-11-24.17:15:49::SCWPlatform::Opened existing hwdb bd_wrapper_1
TRACE::2025-11-24.17:15:49::SCWPlatform::Found the Hw Db part of the input DSA
TRACE::2025-11-24.17:15:49::SCWMssOS::Checking the sw design at  /home/jashshah/Desktop/Embedded_Lab/HW_SW_Interface/Game_Buttons_RTOS/workspace/Maze_Solver/microblaze_0/standalone_domain/bsp/system.mss
TRACE::2025-11-24.17:15:49::SCWMssOS::DEBUG:  swdes dump  /home/jashshah/Desktop/Embedded_Lab/HW_SW_Interface/Game_Buttons_RTOS/workspace/Maze_Solver/microblaze_0/standalone_domain/bsp/system.mss|system||

TRACE::2025-11-24.17:15:49::SCWMssOS::Sw design exists and opened at  /home/jashshah/Desktop/Embedded_Lab/HW_SW_Interface/Game_Buttons_RTOS/workspace/Maze_Solver/microblaze_0/standalone_domain/bsp/system.mss
TRACE::2025-11-25.15:30:11::SCWPlatform::Trying to open the hw design at /home/jashshah/Desktop/Embedded_Lab/HW_SW_Interface/Game_Buttons_RTOS/workspace/Maze_Solver/hw/bd_wrapper.xsa
TRACE::2025-11-25.15:30:11::SCWPlatform::DSA given /home/jashshah/Desktop/Embedded_Lab/HW_SW_Interface/Game_Buttons_RTOS/workspace/Maze_Solver/hw/bd_wrapper.xsa
TRACE::2025-11-25.15:30:11::SCWPlatform::DSA absoulate path /home/jashshah/Desktop/Embedded_Lab/HW_SW_Interface/Game_Buttons_RTOS/workspace/Maze_Solver/hw/bd_wrapper.xsa
TRACE::2025-11-25.15:30:12::SCWPlatform::DSA directory /home/jashshah/Desktop/Embedded_Lab/HW_SW_Interface/Game_Buttons_RTOS/workspace/Maze_Solver/hw
TRACE::2025-11-25.15:30:12::SCWPlatform:: Platform Path /home/jashshah/Desktop/Embedded_Lab/HW_SW_Interface/Game_Buttons_RTOS/workspace/Maze_Solver/hw/bd_wrapper.xsa
TRACE::2025-11-25.15:30:12::SCWPlatform:: Unique name xilinx:::0.0
TRACE::2025-11-25.15:30:12::SCWPlatform::Do not have an existing db opened. 
TRACE::2025-11-25.15:30:12::SCWPlatform::Opened new HwDB with name bd_wrapper
TRACE::2025-11-25.15:30:12::SCWReader::Active system found as  Maze_Solver
TRACE::2025-11-25.15:30:12::SCWReader::Handling sysconfig Maze_Solver
TRACE::2025-11-25.15:30:12::SCWDomain::checking for install qemu data   : 
TRACE::2025-11-25.15:30:12::SCWPlatform::Trying to open the hw design at /home/jashshah/Desktop/Embedded_Lab/HW_SW_Interface/Game_Buttons_RTOS/workspace/Maze_Solver/hw/bd_wrapper.xsa
TRACE::2025-11-25.15:30:12::SCWPlatform::DSA given /home/jashshah/Desktop/Embedded_Lab/HW_SW_Interface/Game_Buttons_RTOS/workspace/Maze_Solver/hw/bd_wrapper.xsa
TRACE::2025-11-25.15:30:12::SCWPlatform::DSA absoulate path /home/jashshah/Desktop/Embedded_Lab/HW_SW_Interface/Game_Buttons_RTOS/workspace/Maze_Solver/hw/bd_wrapper.xsa
TRACE::2025-11-25.15:30:12::SCWPlatform::DSA directory /home/jashshah/Desktop/Embedded_Lab/HW_SW_Interface/Game_Buttons_RTOS/workspace/Maze_Solver/hw
TRACE::2025-11-25.15:30:12::SCWPlatform:: Platform Path /home/jashshah/Desktop/Embedded_Lab/HW_SW_Interface/Game_Buttons_RTOS/workspace/Maze_Solver/hw/bd_wrapper.xsa
TRACE::2025-11-25.15:30:12::SCWPlatform:: Unique name xilinx:::0.0
TRACE::2025-11-25.15:30:12::SCWPlatform::Trying to set the existing hwdb with name bd_wrapper
TRACE::2025-11-25.15:30:12::SCWPlatform::Opened existing hwdb bd_wrapper
TRACE::2025-11-25.15:30:12::SCWPlatform::Found the Hw Db part of the input DSA
TRACE::2025-11-25.15:30:12::SCWPlatform::Trying to open the hw design at /home/jashshah/Desktop/Embedded_Lab/HW_SW_Interface/Game_Buttons_RTOS/workspace/Maze_Solver/hw/bd_wrapper.xsa
TRACE::2025-11-25.15:30:12::SCWPlatform::DSA given /home/jashshah/Desktop/Embedded_Lab/HW_SW_Interface/Game_Buttons_RTOS/workspace/Maze_Solver/hw/bd_wrapper.xsa
TRACE::2025-11-25.15:30:12::SCWPlatform::DSA absoulate path /home/jashshah/Desktop/Embedded_Lab/HW_SW_Interface/Game_Buttons_RTOS/workspace/Maze_Solver/hw/bd_wrapper.xsa
TRACE::2025-11-25.15:30:12::SCWPlatform::DSA directory /home/jashshah/Desktop/Embedded_Lab/HW_SW_Interface/Game_Buttons_RTOS/workspace/Maze_Solver/hw
TRACE::2025-11-25.15:30:12::SCWPlatform:: Platform Path /home/jashshah/Desktop/Embedded_Lab/HW_SW_Interface/Game_Buttons_RTOS/workspace/Maze_Solver/hw/bd_wrapper.xsa
TRACE::2025-11-25.15:30:12::SCWPlatform:: Unique name xilinx:::0.0
TRACE::2025-11-25.15:30:12::SCWPlatform::Trying to set the existing hwdb with name bd_wrapper
TRACE::2025-11-25.15:30:12::SCWPlatform::Opened existing hwdb bd_wrapper
TRACE::2025-11-25.15:30:12::SCWPlatform::Found the Hw Db part of the input DSA
TRACE::2025-11-25.15:30:12::SCWPlatform::Trying to open the hw design at /home/jashshah/Desktop/Embedded_Lab/HW_SW_Interface/Game_Buttons_RTOS/workspace/Maze_Solver/hw/bd_wrapper.xsa
TRACE::2025-11-25.15:30:12::SCWPlatform::DSA given /home/jashshah/Desktop/Embedded_Lab/HW_SW_Interface/Game_Buttons_RTOS/workspace/Maze_Solver/hw/bd_wrapper.xsa
TRACE::2025-11-25.15:30:12::SCWPlatform::DSA absoulate path /home/jashshah/Desktop/Embedded_Lab/HW_SW_Interface/Game_Buttons_RTOS/workspace/Maze_Solver/hw/bd_wrapper.xsa
TRACE::2025-11-25.15:30:12::SCWPlatform::DSA directory /home/jashshah/Desktop/Embedded_Lab/HW_SW_Interface/Game_Buttons_RTOS/workspace/Maze_Solver/hw
TRACE::2025-11-25.15:30:12::SCWPlatform:: Platform Path /home/jashshah/Desktop/Embedded_Lab/HW_SW_Interface/Game_Buttons_RTOS/workspace/Maze_Solver/hw/bd_wrapper.xsa
TRACE::2025-11-25.15:30:12::SCWPlatform:: Unique name xilinx:::0.0
TRACE::2025-11-25.15:30:12::SCWPlatform::Trying to set the existing hwdb with name bd_wrapper
TRACE::2025-11-25.15:30:12::SCWPlatform::Opened existing hwdb bd_wrapper
TRACE::2025-11-25.15:30:12::SCWPlatform::Found the Hw Db part of the input DSA
TRACE::2025-11-25.15:30:12::SCWPlatform::Trying to open the hw design at /home/jashshah/Desktop/Embedded_Lab/HW_SW_Interface/Game_Buttons_RTOS/workspace/Maze_Solver/hw/bd_wrapper.xsa
TRACE::2025-11-25.15:30:12::SCWPlatform::DSA given /home/jashshah/Desktop/Embedded_Lab/HW_SW_Interface/Game_Buttons_RTOS/workspace/Maze_Solver/hw/bd_wrapper.xsa
TRACE::2025-11-25.15:30:12::SCWPlatform::DSA absoulate path /home/jashshah/Desktop/Embedded_Lab/HW_SW_Interface/Game_Buttons_RTOS/workspace/Maze_Solver/hw/bd_wrapper.xsa
TRACE::2025-11-25.15:30:12::SCWPlatform::DSA directory /home/jashshah/Desktop/Embedded_Lab/HW_SW_Interface/Game_Buttons_RTOS/workspace/Maze_Solver/hw
TRACE::2025-11-25.15:30:12::SCWPlatform:: Platform Path /home/jashshah/Desktop/Embedded_Lab/HW_SW_Interface/Game_Buttons_RTOS/workspace/Maze_Solver/hw/bd_wrapper.xsa
TRACE::2025-11-25.15:30:12::SCWPlatform:: Unique name xilinx:::0.0
TRACE::2025-11-25.15:30:12::SCWPlatform::Trying to set the existing hwdb with name bd_wrapper
TRACE::2025-11-25.15:30:12::SCWPlatform::Opened existing hwdb bd_wrapper
TRACE::2025-11-25.15:30:12::SCWPlatform::Found the Hw Db part of the input DSA
TRACE::2025-11-25.15:30:12::SCWMssOS::Checking the sw design at  /home/jashshah/Desktop/Embedded_Lab/HW_SW_Interface/Game_Buttons_RTOS/workspace/Maze_Solver/microblaze_0/standalone_domain/bsp/system.mss
TRACE::2025-11-25.15:30:12::SCWMssOS::DEBUG:  swdes dump  
TRACE::2025-11-25.15:30:12::SCWMssOS::No sw design opened at  /home/jashshah/Desktop/Embedded_Lab/HW_SW_Interface/Game_Buttons_RTOS/workspace/Maze_Solver/microblaze_0/standalone_domain/bsp/system.mss
TRACE::2025-11-25.15:30:12::SCWMssOS::mss exists loading the mss file  /home/jashshah/Desktop/Embedded_Lab/HW_SW_Interface/Game_Buttons_RTOS/workspace/Maze_Solver/microblaze_0/standalone_domain/bsp/system.mss
TRACE::2025-11-25.15:30:12::SCWMssOS::Opened the sw design from mss  /home/jashshah/Desktop/Embedded_Lab/HW_SW_Interface/Game_Buttons_RTOS/workspace/Maze_Solver/microblaze_0/standalone_domain/bsp/system.mss
TRACE::2025-11-25.15:30:12::SCWMssOS::Adding the swdes entry /home/jashshah/Desktop/Embedded_Lab/HW_SW_Interface/Game_Buttons_RTOS/workspace/Maze_Solver/microblaze_0/standalone_domain/bsp/system.mss with des name system
TRACE::2025-11-25.15:30:12::SCWMssOS::updating the scw layer about changes
TRACE::2025-11-25.15:30:12::SCWMssOS::Opened the sw design.  /home/jashshah/Desktop/Embedded_Lab/HW_SW_Interface/Game_Buttons_RTOS/workspace/Maze_Solver/microblaze_0/standalone_domain/bsp/system.mss
TRACE::2025-11-25.15:30:12::SCWMssOS::Saving the mss changes /home/jashshah/Desktop/Embedded_Lab/HW_SW_Interface/Game_Buttons_RTOS/workspace/Maze_Solver/microblaze_0/standalone_domain/bsp/system.mss
TRACE::2025-11-25.15:30:12::SCWMssOS::Found a swdesign opened with the mssfile.
TRACE::2025-11-25.15:30:12::SCWMssOS::Completed writemss as part of save.
TRACE::2025-11-25.15:30:12::SCWMssOS::Commit changes completed.
TRACE::2025-11-25.15:30:12::SCWReader::Adding prebuilt librarypaths as   
TRACE::2025-11-25.15:30:12::SCWReader::Adding prebuilt incpaths  as   
TRACE::2025-11-25.15:30:12::SCWPlatform::Trying to open the hw design at /home/jashshah/Desktop/Embedded_Lab/HW_SW_Interface/Game_Buttons_RTOS/workspace/Maze_Solver/hw/bd_wrapper.xsa
TRACE::2025-11-25.15:30:12::SCWPlatform::DSA given /home/jashshah/Desktop/Embedded_Lab/HW_SW_Interface/Game_Buttons_RTOS/workspace/Maze_Solver/hw/bd_wrapper.xsa
TRACE::2025-11-25.15:30:12::SCWPlatform::DSA absoulate path /home/jashshah/Desktop/Embedded_Lab/HW_SW_Interface/Game_Buttons_RTOS/workspace/Maze_Solver/hw/bd_wrapper.xsa
TRACE::2025-11-25.15:30:12::SCWPlatform::DSA directory /home/jashshah/Desktop/Embedded_Lab/HW_SW_Interface/Game_Buttons_RTOS/workspace/Maze_Solver/hw
TRACE::2025-11-25.15:30:12::SCWPlatform:: Platform Path /home/jashshah/Desktop/Embedded_Lab/HW_SW_Interface/Game_Buttons_RTOS/workspace/Maze_Solver/hw/bd_wrapper.xsa
TRACE::2025-11-25.15:30:12::SCWPlatform:: Unique name xilinx:::0.0
TRACE::2025-11-25.15:30:12::SCWPlatform::Trying to set the existing hwdb with name bd_wrapper
TRACE::2025-11-25.15:30:12::SCWPlatform::Opened existing hwdb bd_wrapper
TRACE::2025-11-25.15:30:12::SCWPlatform::Found the Hw Db part of the input DSA
TRACE::2025-11-25.15:30:12::SCWMssOS::Checking the sw design at  /home/jashshah/Desktop/Embedded_Lab/HW_SW_Interface/Game_Buttons_RTOS/workspace/Maze_Solver/microblaze_0/standalone_domain/bsp/system.mss
TRACE::2025-11-25.15:30:12::SCWMssOS::DEBUG:  swdes dump  /home/jashshah/Desktop/Embedded_Lab/HW_SW_Interface/Game_Buttons_RTOS/workspace/Maze_Solver/microblaze_0/standalone_domain/bsp/system.mss|system||

TRACE::2025-11-25.15:30:12::SCWMssOS::Sw design exists and opened at  /home/jashshah/Desktop/Embedded_Lab/HW_SW_Interface/Game_Buttons_RTOS/workspace/Maze_Solver/microblaze_0/standalone_domain/bsp/system.mss
TRACE::2025-11-25.15:30:12::SCWReader::No isolation master present  
LOG::2025-11-25.15:34:57::SCWPlatform::Started generating the artifacts platform Maze_Solver
TRACE::2025-11-25.15:34:57::SCWPlatform::Sanity checking of platform is completed
LOG::2025-11-25.15:34:58::SCWPlatform::Started generating the artifacts for system configuration Maze_Solver
LOG::2025-11-25.15:34:58::SCWSystem::Checking the domain standalone_domain
LOG::2025-11-25.15:34:58::SCWSystem::Not a boot domain 
LOG::2025-11-25.15:34:58::SCWSystem::Started Processing the domain standalone_domain
TRACE::2025-11-25.15:34:58::SCWDomain::Generating domain artifcats
TRACE::2025-11-25.15:34:58::SCWMssOS::Generating standalone artifcats
TRACE::2025-11-25.15:34:58::SCWMssOS:: Copying the user libraries. 
TRACE::2025-11-25.15:34:58::SCWPlatform::Trying to open the hw design at /home/jashshah/Desktop/Embedded_Lab/HW_SW_Interface/Game_Buttons_RTOS/workspace/Maze_Solver/hw/bd_wrapper.xsa
TRACE::2025-11-25.15:34:58::SCWPlatform::DSA given /home/jashshah/Desktop/Embedded_Lab/HW_SW_Interface/Game_Buttons_RTOS/workspace/Maze_Solver/hw/bd_wrapper.xsa
TRACE::2025-11-25.15:34:58::SCWPlatform::DSA absoulate path /home/jashshah/Desktop/Embedded_Lab/HW_SW_Interface/Game_Buttons_RTOS/workspace/Maze_Solver/hw/bd_wrapper.xsa
TRACE::2025-11-25.15:34:58::SCWPlatform::DSA directory /home/jashshah/Desktop/Embedded_Lab/HW_SW_Interface/Game_Buttons_RTOS/workspace/Maze_Solver/hw
TRACE::2025-11-25.15:34:58::SCWPlatform:: Platform Path /home/jashshah/Desktop/Embedded_Lab/HW_SW_Interface/Game_Buttons_RTOS/workspace/Maze_Solver/hw/bd_wrapper.xsa
TRACE::2025-11-25.15:34:58::SCWPlatform:: Unique name xilinx:::0.0
TRACE::2025-11-25.15:34:58::SCWPlatform::Trying to set the existing hwdb with name bd_wrapper
TRACE::2025-11-25.15:34:58::SCWPlatform::Opened existing hwdb bd_wrapper
TRACE::2025-11-25.15:34:58::SCWPlatform::Found the Hw Db part of the input DSA
TRACE::2025-11-25.15:34:58::SCWMssOS::Checking the sw design at  /home/jashshah/Desktop/Embedded_Lab/HW_SW_Interface/Game_Buttons_RTOS/workspace/Maze_Solver/microblaze_0/standalone_domain/bsp/system.mss
TRACE::2025-11-25.15:34:58::SCWMssOS::DEBUG:  swdes dump  /home/jashshah/Desktop/Embedded_Lab/HW_SW_Interface/Game_Buttons_RTOS/workspace/Maze_Solver/microblaze_0/standalone_domain/bsp/system.mss|system||

TRACE::2025-11-25.15:34:58::SCWMssOS::Sw design exists and opened at  /home/jashshah/Desktop/Embedded_Lab/HW_SW_Interface/Game_Buttons_RTOS/workspace/Maze_Solver/microblaze_0/standalone_domain/bsp/system.mss
TRACE::2025-11-25.15:34:58::SCWMssOS::Completed writing the mss file at /home/jashshah/Desktop/Embedded_Lab/HW_SW_Interface/Game_Buttons_RTOS/workspace/Maze_Solver/microblaze_0/standalone_domain/bsp
TRACE::2025-11-25.15:34:58::SCWMssOS::Mss edits present, copying mssfile into export location /home/jashshah/Desktop/Embedded_Lab/HW_SW_Interface/Game_Buttons_RTOS/workspace/Maze_Solver/microblaze_0/standalone_domain/bsp/system.mss
TRACE::2025-11-25.15:34:58::SCWMssOS::bsp generated is upto date with the mss file. Skipping bsp generation.
TRACE::2025-11-25.15:34:58::SCWMssOS::BSP is already built. skipping the bsp build ... 
TRACE::2025-11-25.15:34:58::SCWDomain::Skipping the build for domain :  standalone_domain
TRACE::2025-11-25.15:34:58::SCWMssOS::skipping the bsp build ... 
TRACE::2025-11-25.15:34:58::SCWMssOS::Copying to export directory.
TRACE::2025-11-25.15:35:03::SCWMssOS:: Checking if to create the Supporting Applications
TRACE::2025-11-25.15:35:03::SCWMssOS:: No Linux domain exists, trying to generate FSBL 
LOG::2025-11-25.15:35:03::SCWSystem::Completed Processing the domain standalone_domain
LOG::2025-11-25.15:35:03::SCWSystem::Completed Processing the sysconfig Maze_Solver
LOG::2025-11-25.15:35:03::SCWPlatform::Completed generating the artifacts for system configuration Maze_Solver
TRACE::2025-11-25.15:35:03::SCWPlatform::Started preparing the platform 
TRACE::2025-11-25.15:35:03::SCWSystem::Writing the bif file for system config Maze_Solver
TRACE::2025-11-25.15:35:03::SCWSystem::dir created 
TRACE::2025-11-25.15:35:03::SCWSystem::Writing the bif 
TRACE::2025-11-25.15:35:03::SCWPlatform::Started writing the spfm file 
TRACE::2025-11-25.15:35:03::SCWPlatform::Started writing the xpfm file 
TRACE::2025-11-25.15:35:03::SCWPlatform::Completed generating the platform
TRACE::2025-11-25.15:35:03::SCWMssOS::Saving the mss changes /home/jashshah/Desktop/Embedded_Lab/HW_SW_Interface/Game_Buttons_RTOS/workspace/Maze_Solver/microblaze_0/standalone_domain/bsp/system.mss
TRACE::2025-11-25.15:35:03::SCWMssOS::Found a swdesign opened with the mssfile.
TRACE::2025-11-25.15:35:03::SCWMssOS::Completed writemss as part of save.
TRACE::2025-11-25.15:35:03::SCWMssOS::Commit changes completed.
TRACE::2025-11-25.15:35:03::SCWPlatform::Trying to open the hw design at /home/jashshah/Desktop/Embedded_Lab/HW_SW_Interface/Game_Buttons_RTOS/workspace/Maze_Solver/hw/bd_wrapper.xsa
TRACE::2025-11-25.15:35:03::SCWPlatform::DSA given /home/jashshah/Desktop/Embedded_Lab/HW_SW_Interface/Game_Buttons_RTOS/workspace/Maze_Solver/hw/bd_wrapper.xsa
TRACE::2025-11-25.15:35:03::SCWPlatform::DSA absoulate path /home/jashshah/Desktop/Embedded_Lab/HW_SW_Interface/Game_Buttons_RTOS/workspace/Maze_Solver/hw/bd_wrapper.xsa
TRACE::2025-11-25.15:35:03::SCWPlatform::DSA directory /home/jashshah/Desktop/Embedded_Lab/HW_SW_Interface/Game_Buttons_RTOS/workspace/Maze_Solver/hw
TRACE::2025-11-25.15:35:03::SCWPlatform:: Platform Path /home/jashshah/Desktop/Embedded_Lab/HW_SW_Interface/Game_Buttons_RTOS/workspace/Maze_Solver/hw/bd_wrapper.xsa
TRACE::2025-11-25.15:35:03::SCWPlatform:: Unique name xilinx:::0.0
TRACE::2025-11-25.15:35:03::SCWPlatform::Trying to set the existing hwdb with name bd_wrapper
TRACE::2025-11-25.15:35:03::SCWPlatform::Opened existing hwdb bd_wrapper
TRACE::2025-11-25.15:35:03::SCWPlatform::Found the Hw Db part of the input DSA
TRACE::2025-11-25.15:35:03::SCWMssOS::Checking the sw design at  /home/jashshah/Desktop/Embedded_Lab/HW_SW_Interface/Game_Buttons_RTOS/workspace/Maze_Solver/microblaze_0/standalone_domain/bsp/system.mss
TRACE::2025-11-25.15:35:03::SCWMssOS::DEBUG:  swdes dump  /home/jashshah/Desktop/Embedded_Lab/HW_SW_Interface/Game_Buttons_RTOS/workspace/Maze_Solver/microblaze_0/standalone_domain/bsp/system.mss|system||

TRACE::2025-11-25.15:35:03::SCWMssOS::Sw design exists and opened at  /home/jashshah/Desktop/Embedded_Lab/HW_SW_Interface/Game_Buttons_RTOS/workspace/Maze_Solver/microblaze_0/standalone_domain/bsp/system.mss
TRACE::2025-11-25.15:35:03::SCWWriter::formatted JSON is {
	"platformName":	"Maze_Solver",
	"sprVersion":	"2.0",
	"mode":	"gui",
	"dsaType":	"Fixed",
	"platformDesc":	"Maze_Solver",
	"platHandOff":	"/home/jashshah/Desktop/Embedded_Lab/HW_SW_Interface/Game_Buttons_RTOS/bd_wrapper.xsa",
	"platIntHandOff":	"<platformDir>/hw/bd_wrapper.xsa",
	"deviceType":	"FPGA",
	"platIsPrebuiltAutogen":	"false",
	"platIsNoBootBsp":	"false",
	"hasFsblMakeHasChanges":	"false",
	"hasPmufwMakeHasChanges":	"false",
	"platPreBuiltFlag":	false,
	"platformSamplesDir":	"",
	"platActiveSys":	"Maze_Solver",
	"systems":	[{
			"systemName":	"Maze_Solver",
			"systemDesc":	"Maze_Solver",
			"sysIsBootAutoGen":	"true",
			"systemDispName":	"Maze_Solver",
			"sysActiveDom":	"standalone_domain",
			"sysDefaultDom":	"standalone_domain",
			"domains":	[{
					"domainName":	"standalone_domain",
					"domainDispName":	"standalone on microblaze_0",
					"domainDesc":	"standalone_domain",
					"processors":	"microblaze_0",
					"os":	"standalone",
					"sdxOs":	"standalone",
					"debugEnable":	"False",
					"domRuntimes":	["cpp"],
					"swRepo":	"",
					"mssOsVer":	"7.7",
					"mssFile":	"",
					"md5Digest":	"b01652c0d3c342c74bfac30f11e4c2cb",
					"compatibleApp":	"",
					"domType":	"mssDomain",
					"arch":	"32-bit",
					"appSettings":	{
						"appCompilerFlags":	"",
						"appLinkerFlags":	""
					},
					"addedLibs":	[],
					"libOptions":	{
						"libsContainingOptions":	[]
					},
					"prebuiltLibs":	{
						"prebuiltIncPath":	[],
						"prebuiltLibPath":	[]
					},
					"isolation":	{
					}
				}]
		}]
}
KEYINFO::2025-11-25.15:35:03::SCWPlatform::updated the xpfm file.
TRACE::2025-11-25.15:35:07::SCWPlatform::Trying to open the hw design at /home/jashshah/Desktop/Embedded_Lab/HW_SW_Interface/Game_Buttons_RTOS/workspace/Maze_Solver/hw/bd_wrapper.xsa
TRACE::2025-11-25.15:35:07::SCWPlatform::DSA given /home/jashshah/Desktop/Embedded_Lab/HW_SW_Interface/Game_Buttons_RTOS/workspace/Maze_Solver/hw/bd_wrapper.xsa
TRACE::2025-11-25.15:35:07::SCWPlatform::DSA absoulate path /home/jashshah/Desktop/Embedded_Lab/HW_SW_Interface/Game_Buttons_RTOS/workspace/Maze_Solver/hw/bd_wrapper.xsa
TRACE::2025-11-25.15:35:07::SCWPlatform::DSA directory /home/jashshah/Desktop/Embedded_Lab/HW_SW_Interface/Game_Buttons_RTOS/workspace/Maze_Solver/hw
TRACE::2025-11-25.15:35:07::SCWPlatform:: Platform Path /home/jashshah/Desktop/Embedded_Lab/HW_SW_Interface/Game_Buttons_RTOS/workspace/Maze_Solver/hw/bd_wrapper.xsa
TRACE::2025-11-25.15:35:07::SCWPlatform:: Unique name xilinx:::0.0
TRACE::2025-11-25.15:35:07::SCWPlatform::Trying to set the existing hwdb with name bd_wrapper
TRACE::2025-11-25.15:35:07::SCWPlatform::Opened existing hwdb bd_wrapper
TRACE::2025-11-25.15:35:07::SCWPlatform::Found the Hw Db part of the input DSA
TRACE::2025-11-25.15:35:07::SCWMssOS::Checking the sw design at  /home/jashshah/Desktop/Embedded_Lab/HW_SW_Interface/Game_Buttons_RTOS/workspace/Maze_Solver/microblaze_0/standalone_domain/bsp/system.mss
TRACE::2025-11-25.15:35:07::SCWMssOS::DEBUG:  swdes dump  /home/jashshah/Desktop/Embedded_Lab/HW_SW_Interface/Game_Buttons_RTOS/workspace/Maze_Solver/microblaze_0/standalone_domain/bsp/system.mss|system||

TRACE::2025-11-25.15:35:07::SCWMssOS::Sw design exists and opened at  /home/jashshah/Desktop/Embedded_Lab/HW_SW_Interface/Game_Buttons_RTOS/workspace/Maze_Solver/microblaze_0/standalone_domain/bsp/system.mss
TRACE::2025-11-25.15:52:04::SCWPlatform::Trying to open the hw design at /home/jashshah/Desktop/Embedded_Lab/HW_SW_Interface/Game_Buttons_RTOS/workspace/Maze_Solver/hw/bd_wrapper.xsa
TRACE::2025-11-25.15:52:04::SCWPlatform::DSA given /home/jashshah/Desktop/Embedded_Lab/HW_SW_Interface/Game_Buttons_RTOS/workspace/Maze_Solver/hw/bd_wrapper.xsa
TRACE::2025-11-25.15:52:04::SCWPlatform::DSA absoulate path /home/jashshah/Desktop/Embedded_Lab/HW_SW_Interface/Game_Buttons_RTOS/workspace/Maze_Solver/hw/bd_wrapper.xsa
TRACE::2025-11-25.15:52:04::SCWPlatform::DSA directory /home/jashshah/Desktop/Embedded_Lab/HW_SW_Interface/Game_Buttons_RTOS/workspace/Maze_Solver/hw
TRACE::2025-11-25.15:52:04::SCWPlatform:: Platform Path /home/jashshah/Desktop/Embedded_Lab/HW_SW_Interface/Game_Buttons_RTOS/workspace/Maze_Solver/hw/bd_wrapper.xsa
TRACE::2025-11-25.15:52:04::SCWPlatform:: Unique name xilinx:::0.0
TRACE::2025-11-25.15:52:04::SCWPlatform::Do not have an existing db opened. 
TRACE::2025-11-25.15:52:05::SCWPlatform::Opened new HwDB with name bd_wrapper_0
TRACE::2025-11-25.15:52:05::SCWReader::Active system found as  Maze_Solver
TRACE::2025-11-25.15:52:05::SCWReader::Handling sysconfig Maze_Solver
TRACE::2025-11-25.15:52:05::SCWDomain::checking for install qemu data   : 
TRACE::2025-11-25.15:52:05::SCWPlatform::Trying to open the hw design at /home/jashshah/Desktop/Embedded_Lab/HW_SW_Interface/Game_Buttons_RTOS/workspace/Maze_Solver/hw/bd_wrapper.xsa
TRACE::2025-11-25.15:52:05::SCWPlatform::DSA given /home/jashshah/Desktop/Embedded_Lab/HW_SW_Interface/Game_Buttons_RTOS/workspace/Maze_Solver/hw/bd_wrapper.xsa
TRACE::2025-11-25.15:52:05::SCWPlatform::DSA absoulate path /home/jashshah/Desktop/Embedded_Lab/HW_SW_Interface/Game_Buttons_RTOS/workspace/Maze_Solver/hw/bd_wrapper.xsa
TRACE::2025-11-25.15:52:05::SCWPlatform::DSA directory /home/jashshah/Desktop/Embedded_Lab/HW_SW_Interface/Game_Buttons_RTOS/workspace/Maze_Solver/hw
TRACE::2025-11-25.15:52:05::SCWPlatform:: Platform Path /home/jashshah/Desktop/Embedded_Lab/HW_SW_Interface/Game_Buttons_RTOS/workspace/Maze_Solver/hw/bd_wrapper.xsa
TRACE::2025-11-25.15:52:05::SCWPlatform:: Unique name xilinx:::0.0
TRACE::2025-11-25.15:52:05::SCWPlatform::Trying to set the existing hwdb with name bd_wrapper_0
TRACE::2025-11-25.15:52:05::SCWPlatform::Opened existing hwdb bd_wrapper_0
TRACE::2025-11-25.15:52:05::SCWPlatform::Found the Hw Db part of the input DSA
TRACE::2025-11-25.15:52:05::SCWPlatform::Trying to open the hw design at /home/jashshah/Desktop/Embedded_Lab/HW_SW_Interface/Game_Buttons_RTOS/workspace/Maze_Solver/hw/bd_wrapper.xsa
TRACE::2025-11-25.15:52:05::SCWPlatform::DSA given /home/jashshah/Desktop/Embedded_Lab/HW_SW_Interface/Game_Buttons_RTOS/workspace/Maze_Solver/hw/bd_wrapper.xsa
TRACE::2025-11-25.15:52:05::SCWPlatform::DSA absoulate path /home/jashshah/Desktop/Embedded_Lab/HW_SW_Interface/Game_Buttons_RTOS/workspace/Maze_Solver/hw/bd_wrapper.xsa
TRACE::2025-11-25.15:52:05::SCWPlatform::DSA directory /home/jashshah/Desktop/Embedded_Lab/HW_SW_Interface/Game_Buttons_RTOS/workspace/Maze_Solver/hw
TRACE::2025-11-25.15:52:05::SCWPlatform:: Platform Path /home/jashshah/Desktop/Embedded_Lab/HW_SW_Interface/Game_Buttons_RTOS/workspace/Maze_Solver/hw/bd_wrapper.xsa
TRACE::2025-11-25.15:52:05::SCWPlatform:: Unique name xilinx:::0.0
TRACE::2025-11-25.15:52:05::SCWPlatform::Trying to set the existing hwdb with name bd_wrapper_0
TRACE::2025-11-25.15:52:05::SCWPlatform::Opened existing hwdb bd_wrapper_0
TRACE::2025-11-25.15:52:05::SCWPlatform::Found the Hw Db part of the input DSA
TRACE::2025-11-25.15:52:05::SCWPlatform::Trying to open the hw design at /home/jashshah/Desktop/Embedded_Lab/HW_SW_Interface/Game_Buttons_RTOS/workspace/Maze_Solver/hw/bd_wrapper.xsa
TRACE::2025-11-25.15:52:05::SCWPlatform::DSA given /home/jashshah/Desktop/Embedded_Lab/HW_SW_Interface/Game_Buttons_RTOS/workspace/Maze_Solver/hw/bd_wrapper.xsa
TRACE::2025-11-25.15:52:05::SCWPlatform::DSA absoulate path /home/jashshah/Desktop/Embedded_Lab/HW_SW_Interface/Game_Buttons_RTOS/workspace/Maze_Solver/hw/bd_wrapper.xsa
TRACE::2025-11-25.15:52:05::SCWPlatform::DSA directory /home/jashshah/Desktop/Embedded_Lab/HW_SW_Interface/Game_Buttons_RTOS/workspace/Maze_Solver/hw
TRACE::2025-11-25.15:52:05::SCWPlatform:: Platform Path /home/jashshah/Desktop/Embedded_Lab/HW_SW_Interface/Game_Buttons_RTOS/workspace/Maze_Solver/hw/bd_wrapper.xsa
TRACE::2025-11-25.15:52:05::SCWPlatform:: Unique name xilinx:::0.0
TRACE::2025-11-25.15:52:05::SCWPlatform::Trying to set the existing hwdb with name bd_wrapper_0
TRACE::2025-11-25.15:52:05::SCWPlatform::Opened existing hwdb bd_wrapper_0
TRACE::2025-11-25.15:52:05::SCWPlatform::Found the Hw Db part of the input DSA
TRACE::2025-11-25.15:52:05::SCWPlatform::Trying to open the hw design at /home/jashshah/Desktop/Embedded_Lab/HW_SW_Interface/Game_Buttons_RTOS/workspace/Maze_Solver/hw/bd_wrapper.xsa
TRACE::2025-11-25.15:52:05::SCWPlatform::DSA given /home/jashshah/Desktop/Embedded_Lab/HW_SW_Interface/Game_Buttons_RTOS/workspace/Maze_Solver/hw/bd_wrapper.xsa
TRACE::2025-11-25.15:52:05::SCWPlatform::DSA absoulate path /home/jashshah/Desktop/Embedded_Lab/HW_SW_Interface/Game_Buttons_RTOS/workspace/Maze_Solver/hw/bd_wrapper.xsa
TRACE::2025-11-25.15:52:05::SCWPlatform::DSA directory /home/jashshah/Desktop/Embedded_Lab/HW_SW_Interface/Game_Buttons_RTOS/workspace/Maze_Solver/hw
TRACE::2025-11-25.15:52:05::SCWPlatform:: Platform Path /home/jashshah/Desktop/Embedded_Lab/HW_SW_Interface/Game_Buttons_RTOS/workspace/Maze_Solver/hw/bd_wrapper.xsa
TRACE::2025-11-25.15:52:05::SCWPlatform:: Unique name xilinx:::0.0
TRACE::2025-11-25.15:52:05::SCWPlatform::Trying to set the existing hwdb with name bd_wrapper_0
TRACE::2025-11-25.15:52:05::SCWPlatform::Opened existing hwdb bd_wrapper_0
TRACE::2025-11-25.15:52:05::SCWPlatform::Found the Hw Db part of the input DSA
TRACE::2025-11-25.15:52:05::SCWMssOS::Checking the sw design at  /home/jashshah/Desktop/Embedded_Lab/HW_SW_Interface/Game_Buttons_RTOS/workspace/Maze_Solver/microblaze_0/standalone_domain/bsp/system.mss
TRACE::2025-11-25.15:52:05::SCWMssOS::DEBUG:  swdes dump  
TRACE::2025-11-25.15:52:05::SCWMssOS::No sw design opened at  /home/jashshah/Desktop/Embedded_Lab/HW_SW_Interface/Game_Buttons_RTOS/workspace/Maze_Solver/microblaze_0/standalone_domain/bsp/system.mss
TRACE::2025-11-25.15:52:05::SCWMssOS::mss exists loading the mss file  /home/jashshah/Desktop/Embedded_Lab/HW_SW_Interface/Game_Buttons_RTOS/workspace/Maze_Solver/microblaze_0/standalone_domain/bsp/system.mss
TRACE::2025-11-25.15:52:05::SCWMssOS::Opened the sw design from mss  /home/jashshah/Desktop/Embedded_Lab/HW_SW_Interface/Game_Buttons_RTOS/workspace/Maze_Solver/microblaze_0/standalone_domain/bsp/system.mss
TRACE::2025-11-25.15:52:05::SCWMssOS::Adding the swdes entry /home/jashshah/Desktop/Embedded_Lab/HW_SW_Interface/Game_Buttons_RTOS/workspace/Maze_Solver/microblaze_0/standalone_domain/bsp/system.mss with des name system
TRACE::2025-11-25.15:52:05::SCWMssOS::updating the scw layer about changes
TRACE::2025-11-25.15:52:05::SCWMssOS::Opened the sw design.  /home/jashshah/Desktop/Embedded_Lab/HW_SW_Interface/Game_Buttons_RTOS/workspace/Maze_Solver/microblaze_0/standalone_domain/bsp/system.mss
TRACE::2025-11-25.15:52:05::SCWMssOS::Saving the mss changes /home/jashshah/Desktop/Embedded_Lab/HW_SW_Interface/Game_Buttons_RTOS/workspace/Maze_Solver/microblaze_0/standalone_domain/bsp/system.mss
TRACE::2025-11-25.15:52:05::SCWMssOS::Found a swdesign opened with the mssfile.
TRACE::2025-11-25.15:52:05::SCWMssOS::Completed writemss as part of save.
TRACE::2025-11-25.15:52:05::SCWMssOS::Commit changes completed.
TRACE::2025-11-25.15:52:05::SCWReader::Adding prebuilt librarypaths as   
TRACE::2025-11-25.15:52:05::SCWReader::Adding prebuilt incpaths  as   
TRACE::2025-11-25.15:52:05::SCWPlatform::Trying to open the hw design at /home/jashshah/Desktop/Embedded_Lab/HW_SW_Interface/Game_Buttons_RTOS/workspace/Maze_Solver/hw/bd_wrapper.xsa
TRACE::2025-11-25.15:52:05::SCWPlatform::DSA given /home/jashshah/Desktop/Embedded_Lab/HW_SW_Interface/Game_Buttons_RTOS/workspace/Maze_Solver/hw/bd_wrapper.xsa
TRACE::2025-11-25.15:52:05::SCWPlatform::DSA absoulate path /home/jashshah/Desktop/Embedded_Lab/HW_SW_Interface/Game_Buttons_RTOS/workspace/Maze_Solver/hw/bd_wrapper.xsa
TRACE::2025-11-25.15:52:05::SCWPlatform::DSA directory /home/jashshah/Desktop/Embedded_Lab/HW_SW_Interface/Game_Buttons_RTOS/workspace/Maze_Solver/hw
TRACE::2025-11-25.15:52:05::SCWPlatform:: Platform Path /home/jashshah/Desktop/Embedded_Lab/HW_SW_Interface/Game_Buttons_RTOS/workspace/Maze_Solver/hw/bd_wrapper.xsa
TRACE::2025-11-25.15:52:05::SCWPlatform:: Unique name xilinx:::0.0
TRACE::2025-11-25.15:52:05::SCWPlatform::Trying to set the existing hwdb with name bd_wrapper_0
TRACE::2025-11-25.15:52:05::SCWPlatform::Opened existing hwdb bd_wrapper_0
TRACE::2025-11-25.15:52:05::SCWPlatform::Found the Hw Db part of the input DSA
TRACE::2025-11-25.15:52:05::SCWMssOS::Checking the sw design at  /home/jashshah/Desktop/Embedded_Lab/HW_SW_Interface/Game_Buttons_RTOS/workspace/Maze_Solver/microblaze_0/standalone_domain/bsp/system.mss
TRACE::2025-11-25.15:52:05::SCWMssOS::DEBUG:  swdes dump  /home/jashshah/Desktop/Embedded_Lab/HW_SW_Interface/Game_Buttons_RTOS/workspace/Maze_Solver/microblaze_0/standalone_domain/bsp/system.mss|system||

TRACE::2025-11-25.15:52:05::SCWMssOS::Sw design exists and opened at  /home/jashshah/Desktop/Embedded_Lab/HW_SW_Interface/Game_Buttons_RTOS/workspace/Maze_Solver/microblaze_0/standalone_domain/bsp/system.mss
TRACE::2025-11-25.15:52:05::SCWReader::No isolation master present  
LOG::2025-11-25.17:01:37::SCWPlatform::Started generating the artifacts platform Maze_Solver
TRACE::2025-11-25.17:01:37::SCWPlatform::Sanity checking of platform is completed
LOG::2025-11-25.17:01:39::SCWPlatform::Started generating the artifacts for system configuration Maze_Solver
LOG::2025-11-25.17:01:39::SCWSystem::Checking the domain standalone_domain
LOG::2025-11-25.17:01:39::SCWSystem::Not a boot domain 
LOG::2025-11-25.17:01:39::SCWSystem::Started Processing the domain standalone_domain
TRACE::2025-11-25.17:01:39::SCWDomain::Generating domain artifcats
TRACE::2025-11-25.17:01:39::SCWMssOS::Generating standalone artifcats
TRACE::2025-11-25.17:01:39::SCWMssOS:: Copying the user libraries. 
TRACE::2025-11-25.17:01:39::SCWPlatform::Trying to open the hw design at /home/jashshah/Desktop/Embedded_Lab/HW_SW_Interface/Game_Buttons_RTOS/workspace/Maze_Solver/hw/bd_wrapper.xsa
TRACE::2025-11-25.17:01:39::SCWPlatform::DSA given /home/jashshah/Desktop/Embedded_Lab/HW_SW_Interface/Game_Buttons_RTOS/workspace/Maze_Solver/hw/bd_wrapper.xsa
TRACE::2025-11-25.17:01:39::SCWPlatform::DSA absoulate path /home/jashshah/Desktop/Embedded_Lab/HW_SW_Interface/Game_Buttons_RTOS/workspace/Maze_Solver/hw/bd_wrapper.xsa
TRACE::2025-11-25.17:01:39::SCWPlatform::DSA directory /home/jashshah/Desktop/Embedded_Lab/HW_SW_Interface/Game_Buttons_RTOS/workspace/Maze_Solver/hw
TRACE::2025-11-25.17:01:39::SCWPlatform:: Platform Path /home/jashshah/Desktop/Embedded_Lab/HW_SW_Interface/Game_Buttons_RTOS/workspace/Maze_Solver/hw/bd_wrapper.xsa
TRACE::2025-11-25.17:01:39::SCWPlatform:: Unique name xilinx:::0.0
TRACE::2025-11-25.17:01:39::SCWPlatform::Trying to set the existing hwdb with name bd_wrapper_0
TRACE::2025-11-25.17:01:39::SCWPlatform::Opened existing hwdb bd_wrapper_0
TRACE::2025-11-25.17:01:39::SCWPlatform::Found the Hw Db part of the input DSA
TRACE::2025-11-25.17:01:39::SCWMssOS::Checking the sw design at  /home/jashshah/Desktop/Embedded_Lab/HW_SW_Interface/Game_Buttons_RTOS/workspace/Maze_Solver/microblaze_0/standalone_domain/bsp/system.mss
TRACE::2025-11-25.17:01:39::SCWMssOS::DEBUG:  swdes dump  /home/jashshah/Desktop/Embedded_Lab/HW_SW_Interface/Game_Buttons_RTOS/workspace/Maze_Solver/microblaze_0/standalone_domain/bsp/system.mss|system||

TRACE::2025-11-25.17:01:39::SCWMssOS::Sw design exists and opened at  /home/jashshah/Desktop/Embedded_Lab/HW_SW_Interface/Game_Buttons_RTOS/workspace/Maze_Solver/microblaze_0/standalone_domain/bsp/system.mss
TRACE::2025-11-25.17:01:39::SCWMssOS::Completed writing the mss file at /home/jashshah/Desktop/Embedded_Lab/HW_SW_Interface/Game_Buttons_RTOS/workspace/Maze_Solver/microblaze_0/standalone_domain/bsp
TRACE::2025-11-25.17:01:39::SCWMssOS::Mss edits present, copying mssfile into export location /home/jashshah/Desktop/Embedded_Lab/HW_SW_Interface/Game_Buttons_RTOS/workspace/Maze_Solver/microblaze_0/standalone_domain/bsp/system.mss
TRACE::2025-11-25.17:01:39::SCWMssOS::bsp generated is upto date with the mss file. Skipping bsp generation.
TRACE::2025-11-25.17:01:39::SCWMssOS::BSP is already built. skipping the bsp build ... 
TRACE::2025-11-25.17:01:39::SCWDomain::Skipping the build for domain :  standalone_domain
TRACE::2025-11-25.17:01:39::SCWMssOS::skipping the bsp build ... 
TRACE::2025-11-25.17:01:39::SCWMssOS::Copying to export directory.
TRACE::2025-11-25.17:01:43::SCWMssOS:: Checking if to create the Supporting Applications
TRACE::2025-11-25.17:01:43::SCWMssOS:: No Linux domain exists, trying to generate FSBL 
LOG::2025-11-25.17:01:43::SCWSystem::Completed Processing the domain standalone_domain
LOG::2025-11-25.17:01:43::SCWSystem::Completed Processing the sysconfig Maze_Solver
LOG::2025-11-25.17:01:43::SCWPlatform::Completed generating the artifacts for system configuration Maze_Solver
TRACE::2025-11-25.17:01:43::SCWPlatform::Started preparing the platform 
TRACE::2025-11-25.17:01:43::SCWSystem::Writing the bif file for system config Maze_Solver
TRACE::2025-11-25.17:01:43::SCWSystem::dir created 
TRACE::2025-11-25.17:01:43::SCWSystem::Writing the bif 
TRACE::2025-11-25.17:01:43::SCWPlatform::Started writing the spfm file 
TRACE::2025-11-25.17:01:43::SCWPlatform::Started writing the xpfm file 
TRACE::2025-11-25.17:01:44::SCWPlatform::Completed generating the platform
TRACE::2025-11-25.17:01:44::SCWMssOS::Saving the mss changes /home/jashshah/Desktop/Embedded_Lab/HW_SW_Interface/Game_Buttons_RTOS/workspace/Maze_Solver/microblaze_0/standalone_domain/bsp/system.mss
TRACE::2025-11-25.17:01:44::SCWMssOS::Found a swdesign opened with the mssfile.
TRACE::2025-11-25.17:01:44::SCWMssOS::Completed writemss as part of save.
TRACE::2025-11-25.17:01:44::SCWMssOS::Commit changes completed.
TRACE::2025-11-25.17:01:44::SCWPlatform::Trying to open the hw design at /home/jashshah/Desktop/Embedded_Lab/HW_SW_Interface/Game_Buttons_RTOS/workspace/Maze_Solver/hw/bd_wrapper.xsa
TRACE::2025-11-25.17:01:44::SCWPlatform::DSA given /home/jashshah/Desktop/Embedded_Lab/HW_SW_Interface/Game_Buttons_RTOS/workspace/Maze_Solver/hw/bd_wrapper.xsa
TRACE::2025-11-25.17:01:44::SCWPlatform::DSA absoulate path /home/jashshah/Desktop/Embedded_Lab/HW_SW_Interface/Game_Buttons_RTOS/workspace/Maze_Solver/hw/bd_wrapper.xsa
TRACE::2025-11-25.17:01:44::SCWPlatform::DSA directory /home/jashshah/Desktop/Embedded_Lab/HW_SW_Interface/Game_Buttons_RTOS/workspace/Maze_Solver/hw
TRACE::2025-11-25.17:01:44::SCWPlatform:: Platform Path /home/jashshah/Desktop/Embedded_Lab/HW_SW_Interface/Game_Buttons_RTOS/workspace/Maze_Solver/hw/bd_wrapper.xsa
TRACE::2025-11-25.17:01:44::SCWPlatform:: Unique name xilinx:::0.0
TRACE::2025-11-25.17:01:44::SCWPlatform::Trying to set the existing hwdb with name bd_wrapper_0
TRACE::2025-11-25.17:01:44::SCWPlatform::Opened existing hwdb bd_wrapper_0
TRACE::2025-11-25.17:01:44::SCWPlatform::Found the Hw Db part of the input DSA
TRACE::2025-11-25.17:01:44::SCWMssOS::Checking the sw design at  /home/jashshah/Desktop/Embedded_Lab/HW_SW_Interface/Game_Buttons_RTOS/workspace/Maze_Solver/microblaze_0/standalone_domain/bsp/system.mss
TRACE::2025-11-25.17:01:44::SCWMssOS::DEBUG:  swdes dump  /home/jashshah/Desktop/Embedded_Lab/HW_SW_Interface/Game_Buttons_RTOS/workspace/Maze_Solver/microblaze_0/standalone_domain/bsp/system.mss|system||

TRACE::2025-11-25.17:01:44::SCWMssOS::Sw design exists and opened at  /home/jashshah/Desktop/Embedded_Lab/HW_SW_Interface/Game_Buttons_RTOS/workspace/Maze_Solver/microblaze_0/standalone_domain/bsp/system.mss
TRACE::2025-11-25.17:01:44::SCWWriter::formatted JSON is {
	"platformName":	"Maze_Solver",
	"sprVersion":	"2.0",
	"mode":	"gui",
	"dsaType":	"Fixed",
	"platformDesc":	"Maze_Solver",
	"platHandOff":	"/home/jashshah/Desktop/Embedded_Lab/HW_SW_Interface/Game_Buttons_RTOS/bd_wrapper.xsa",
	"platIntHandOff":	"<platformDir>/hw/bd_wrapper.xsa",
	"deviceType":	"FPGA",
	"platIsPrebuiltAutogen":	"false",
	"platIsNoBootBsp":	"false",
	"hasFsblMakeHasChanges":	"false",
	"hasPmufwMakeHasChanges":	"false",
	"platPreBuiltFlag":	false,
	"platformSamplesDir":	"",
	"platActiveSys":	"Maze_Solver",
	"systems":	[{
			"systemName":	"Maze_Solver",
			"systemDesc":	"Maze_Solver",
			"sysIsBootAutoGen":	"true",
			"systemDispName":	"Maze_Solver",
			"sysActiveDom":	"standalone_domain",
			"sysDefaultDom":	"standalone_domain",
			"domains":	[{
					"domainName":	"standalone_domain",
					"domainDispName":	"standalone on microblaze_0",
					"domainDesc":	"standalone_domain",
					"processors":	"microblaze_0",
					"os":	"standalone",
					"sdxOs":	"standalone",
					"debugEnable":	"False",
					"domRuntimes":	["cpp"],
					"swRepo":	"",
					"mssOsVer":	"7.7",
					"mssFile":	"",
					"md5Digest":	"b01652c0d3c342c74bfac30f11e4c2cb",
					"compatibleApp":	"",
					"domType":	"mssDomain",
					"arch":	"32-bit",
					"appSettings":	{
						"appCompilerFlags":	"",
						"appLinkerFlags":	""
					},
					"addedLibs":	[],
					"libOptions":	{
						"libsContainingOptions":	[]
					},
					"prebuiltLibs":	{
						"prebuiltIncPath":	[],
						"prebuiltLibPath":	[]
					},
					"isolation":	{
					}
				}]
		}]
}
KEYINFO::2025-11-25.17:01:44::SCWPlatform::updated the xpfm file.
TRACE::2025-11-25.17:01:44::SCWPlatform::Trying to open the hw design at /home/jashshah/Desktop/Embedded_Lab/HW_SW_Interface/Game_Buttons_RTOS/workspace/Maze_Solver/hw/bd_wrapper.xsa
TRACE::2025-11-25.17:01:44::SCWPlatform::DSA given /home/jashshah/Desktop/Embedded_Lab/HW_SW_Interface/Game_Buttons_RTOS/workspace/Maze_Solver/hw/bd_wrapper.xsa
TRACE::2025-11-25.17:01:44::SCWPlatform::DSA absoulate path /home/jashshah/Desktop/Embedded_Lab/HW_SW_Interface/Game_Buttons_RTOS/workspace/Maze_Solver/hw/bd_wrapper.xsa
TRACE::2025-11-25.17:01:44::SCWPlatform::DSA directory /home/jashshah/Desktop/Embedded_Lab/HW_SW_Interface/Game_Buttons_RTOS/workspace/Maze_Solver/hw
TRACE::2025-11-25.17:01:44::SCWPlatform:: Platform Path /home/jashshah/Desktop/Embedded_Lab/HW_SW_Interface/Game_Buttons_RTOS/workspace/Maze_Solver/hw/bd_wrapper.xsa
TRACE::2025-11-25.17:01:44::SCWPlatform:: Unique name xilinx:::0.0
TRACE::2025-11-25.17:01:44::SCWPlatform::Trying to set the existing hwdb with name bd_wrapper_0
TRACE::2025-11-25.17:01:44::SCWPlatform::Opened existing hwdb bd_wrapper_0
TRACE::2025-11-25.17:01:44::SCWPlatform::Found the Hw Db part of the input DSA
TRACE::2025-11-25.17:01:44::SCWMssOS::Checking the sw design at  /home/jashshah/Desktop/Embedded_Lab/HW_SW_Interface/Game_Buttons_RTOS/workspace/Maze_Solver/microblaze_0/standalone_domain/bsp/system.mss
TRACE::2025-11-25.17:01:44::SCWMssOS::DEBUG:  swdes dump  /home/jashshah/Desktop/Embedded_Lab/HW_SW_Interface/Game_Buttons_RTOS/workspace/Maze_Solver/microblaze_0/standalone_domain/bsp/system.mss|system||

TRACE::2025-11-25.17:01:44::SCWMssOS::Sw design exists and opened at  /home/jashshah/Desktop/Embedded_Lab/HW_SW_Interface/Game_Buttons_RTOS/workspace/Maze_Solver/microblaze_0/standalone_domain/bsp/system.mss
